MARKET,SERIES,SYMBOL,SECURITY,PREV_CL_PR,OPEN_PRICE,HIGH_PRICE,LOW_PRICE,CLOSE_PRICE,NET_TRDVAL,NET_TRDQTY,CORP_IND,TRADES,HI_52_WK,LO_52_WK
N,AJ,990SCFL26,SEC RE NCD SR.VI,      1286.31,      1170.30,      1290.00,      1170.30,      1290.00,                    61507.50,50, ,2,      1290.00,      1060.00
N,N0,1025PATE28,PATE 10.25% 2028,     99500.00,    100870.41,    100870.41,    100870.41,    100870.41,                   100870.41,1, ,1,    100870.41,     97500.00
N,N0,115VCCL28,VCCL 11.5% 2028 SR C,    100094.52,    100126.03,    100126.03,    100126.03,    100126.03,                  1702142.51,17, ,5,    100126.03,    100063.61
N,N0,118VCCL27B,VCCL 11.8% 2027 SR B,     99547.40,     99800.00,     99800.00,     99800.00,     99800.00,                   798400.00,8, ,5,    100484.93,     99515.07
N,N0,119VCCL26,VEDIKA CREDIT 11.9% 2026,     99999.00,     99999.00,     99999.00,     99999.00,     99999.00,                    99999.00,1, ,1,     99999.00,     90000.00
N,N0,12AFIL27,AFIL 12% 2027 SR 1,      9525.01,      9750.00,      9750.00,      9536.00,      9536.00,                    68036.00,7, ,3,     10000.00,      9301.00
N,N0,12AFIL28,AFIL 12% 2028,      9555.00,      9900.00,      9900.00,      9713.52,      9713.52,                   186714.54,19, ,5,      9900.00,      9400.00
N,N0,12VCCL27,VCCL 12% 2027 SR A,    100000.00,     98500.00,     98500.00,     98500.00,     98500.00,                    98500.00,1, ,1,    102000.00,     95000.00
N,N0,12VCCL29A,VCCL12% 2029,     98802.51,     99980.00,     99980.00,     99980.00,     99980.00,                    99980.00,1, ,1,     99980.00,     95000.00
N,N0,915APSBC30,APSBC 9.15% 2030 STRPP E,    101336.32,    101388.15,    101388.15,    101388.15,    101388.15,                   304164.45,3, ,1,    101388.15,    101166.31
N,N0,915APSBC31,APSBC 9.15% 2031 STRPP F,    101598.00,    101647.51,    101647.51,    101500.00,    101500.00,                  2439392.55,24, ,4,    101647.51,    101452.68
N,N0,915APSBC35,APSBC 9.15% 2035 STRPP J,    102075.25,    102246.80,    102246.80,    102246.80,    102246.80,                   817974.40,8, ,5,    102246.80,    102050.78
N,N0,930APMD27,APMD 9.30% 2027 STRPP A,    101998.00,    101800.00,    101800.00,    101800.00,    101800.00,                   101800.00,1, ,1,    102497.54,    100170.00
N,N0,965SCL25C,SEC RE NCD 9.39% SR.VIII,       431.00,       416.00,       430.00,       416.00,       429.40,                    84095.40,196, ,12,       780.00,       400.40
N,N0,975BNAL28,BNAL 9.75% 2028 SR TR 1,    100000.00,      9997.82,      9997.82,      9997.82,      9997.82,                   299934.60,30, ,1,      9997.82,      9997.82
N,N0,985CCSP27,CCSP 9.85% 2027 SR 03,     99933.16,     99710.39,     99710.39,     99710.39,     99710.39,                    99710.39,1, ,1,    101037.58,     99710.39
N,N0,IMC1,SEC RE NCGB 8.25% STRPP A,       254.00,       257.00,       257.00,       257.00,       257.00,                   363141.00,1413, ,13,       261.00,       240.50
N,N1,1025UCL26A,SEC RE NCD 10.25% SR II,      1080.00,       980.18,       999.00,       955.67,       999.00,                   242127.20,246, ,10,      1196.00,       955.67
N,N1,1040UCL27B,SEC RE NCD 10.40% SR III,      1000.00,      1000.00,      1010.00,      1000.00,      1001.00,                    15120.98,15, ,4,      1035.00,       850.00
N,N1,79NHIT35,SEC RE NCD 7.90% STRPP A,       313.90,       311.01,       312.75,       311.00,       312.75,                   144942.41,464, ,6,       342.10,       300.08
N,N1,865IHFL27,SEC RE NCD 8.65% SR III,       985.00,       985.00,       985.00,       985.00,       985.00,                     9850.00,10, ,1,      1001.65,       825.20
N,N1,902SCL28,SCL 9.02% SR V,       965.00,       984.00,       984.00,       984.00,       984.00,                     4920.00,5, ,1,      1000.00,       821.85
N,N1,925SCL27B,SCL 9.25% SR II,       985.00,       985.00,       985.00,       985.00,       985.00,                    29550.00,30, ,1,      1020.00,       901.00
N,N1,965SCL26F,SEC RE NCD 9.65% SR I,      1004.60,      1014.48,      1014.48,      1014.48,      1014.48,                    14202.72,14, ,3,      1099.00,       902.00
N,N1,971SCL29B,SEC RE NCD 9.71% SR VIII,       955.00,       955.01,       955.01,       955.01,       955.01,                    13370.14,14, ,1,       977.00,       900.30
N,N1,971SCL29T,SCL 9.71% 2029 SR VIII,       979.90,       979.90,       979.90,       979.90,       979.90,                    48995.00,50, ,1,       979.90,       901.20
N,N1,IHFL261224,SEC RE NCD SR II,      1048.01,      1050.00,      1080.00,      1050.00,      1065.78,                  1130913.68,1067, ,9,      1080.00,       925.00
N,N2,764NABAR31,7.64% TAX FREE TRI SRIIB,      1154.90,      1159.90,      1159.90,      1148.10,      1149.33,                   298789.35,260, ,10,      1174.00,      1085.30
N,N2,79NHIT40,SEC RE NCD 7.90% STRPP B,       313.93,       311.00,       311.00,       311.00,       311.00,                      311.00,1, ,1,       333.71,       302.51
N,N2,810IRFC27,BOND 8.10% PA TAX FREE S2,      1052.00,      1045.01,      1050.90,      1045.01,      1050.69,                   603462.00,575, ,6,      1120.70,      1028.60
N,N2,82HUDCO27,8.20 NCD05MAR27 FV 1000,      1098.03,      1100.00,      1100.00,      1098.11,      1099.98,                  2889988.71,2629, ,9,      1140.00,      1040.00
N,N2,830NHAI27,BOND 8.30% PA TAX FREE S2,      1051.00,      1051.00,      1053.00,      1051.00,      1053.00,                   135831.00,129, ,6,      1198.79,      1029.00
N,N2,957ISFL26,SEC RE NCD 9.57% SR 3,       991.00,       950.00,       991.00,       950.00,       991.00,                    27697.06,28, ,4,      1025.00,       950.00
N,N3,10ISFL26,SEC RE NCD 10% SR 4,       990.00,      1009.54,      1009.54,      1009.54,      1009.54,                    49467.46,49, ,1,      1085.00,       950.40
N,N3,79NHIT47,SEC RE NCD 7.90% STRPP C,       425.00,       424.96,       424.96,       420.05,       420.12,                   110466.55,262, ,8,       483.86,       404.00
N,N3,IMC1,SEC RE NCGB 8.25% STRPP D,       256.00,       256.00,       256.00,       256.00,       256.00,                    10752.00,42, ,1,       269.00,       211.00
N,N3,M&MFIN,UNSECURED NCD,      2265.00,      2265.01,      2287.30,      2265.01,      2278.64,                   234700.30,103, ,2,      2296.80,      1823.00
N,N4,1003ISFL28,SEC RE NCD 10.03% SR 5,      1005.33,      1005.00,      1005.50,      1005.00,      1005.00,                    91465.00,91, ,4,      1199.00,       945.00
N,N4,10IIFL28,UNSEC RE NCD 10% SR.I,      1020.01,      1021.10,      1027.99,      1020.01,      1027.99,                    76901.93,75, ,4,      1079.50,       960.10
N,N4,891IIFCL34,8.91% TAX FREE NCD,      1312.00,      1310.00,      1320.00,      1310.00,      1320.00,                    59150.00,45, ,2,      1348.00,      1216.00
N,N4,897MOFSL29,SEC RE NCD 8.97% SR V,      1017.00,      1020.00,      1020.00,      1020.00,      1020.00,                   357000.00,350, ,3,      1084.10,       912.00
N,N4,965AEL27,SEC RE NCD 9.65% SR IV,      1043.99,      1044.90,      1044.90,      1043.00,      1043.00,                   231886.98,222, ,5,      1130.09,       984.70
N,N5,1050ISFL28,SEC RE NCD 10.50% SR 6,       999.20,       988.20,       995.00,       988.00,       995.00,                   172934.00,175, ,3,      1099.00,       932.00
N,N5,10CAGL27,SEC RE NCD 10% SR. V,      1019.00,      1019.00,      1019.00,      1010.10,      1010.10,                   243424.80,240, ,7,      1089.99,       990.00
N,N5,830PFCL27,8.30% TAX FREE NCD,      1050.00,      1055.00,      1055.00,      1051.00,      1051.00,                    32625.00,31, ,6,      1119.90,      1029.21
N,N5,850NHAI29,8.50% TAX FREE TR I S IIA,      1150.00,      1164.90,      1164.90,      1164.90,      1164.90,                    40771.50,35, ,1,      1205.00,      1083.85
N,N5,879NHPC28,8.79% SEC RED BOND S2B,      1132.45,      1167.00,      1167.00,      1166.76,      1166.76,                   233374.68,200, ,20,      1198.50,      1080.11
N,N5,957NIDO26,SEC RED NCD 9.57% SR. V,       988.30,      1000.00,      1000.00,       995.00,       995.00,                   100995.00,101, ,2,      1029.59,       890.00
N,N5,96IIFL28,UNSEC RE NCD 9.60% SR.II,       995.55,       996.00,       999.00,       995.99,       997.95,                  1329868.01,1334, ,23,      1000.00,       940.00
N,N6,10NIDO26,SEC RED NCD 10% SR. VI,      1030.50,      1042.00,      1042.00,      1033.02,      1033.02,                   254807.18,245, ,5,      1083.00,       973.20
N,N6,875NHAI29,8.75% TAX FREE TR I S IIB,      1190.12,      1192.00,      1192.00,      1188.00,      1188.00,                   131080.90,110, ,3,      1298.00,      1113.50
N,N6,891NTPC33,8.91%S-R-NCD SERIES 3B,      1226.20,      1249.90,      1249.90,      1230.00,      1230.00,                  1567232.90,1274, ,9,      1338.00,      1208.60
N,N6,892NHPC33,8.92% SEC RED BOND S3B,      1297.02,      1364.99,      1364.99,      1315.00,      1315.00,                   319113.11,235, ,6,      1520.00,      1210.00
N,N6,893NHB29,NHB 8.93 NCD TR II SR 2 B,      5801.25,      5823.00,      5823.00,      5823.00,      5823.00,                     5823.00,1, ,1,      6340.00,      5445.01
N,N6,901NHB34,BOND 9.01%PA TF TR-I S 3B,      6282.90,      6338.60,      6399.00,      6271.00,      6272.18,                  3745124.70,592, ,43,      7390.00,      6170.00
N,N6,956AEL29,SEC RE NCD 9.56% SR VI,      1055.00,      1058.00,      1058.00,      1058.00,      1058.00,                   634800.00,600, ,24,      1133.10,      1000.00
N,N6,ABCL28,ABCL SR IV,      1170.00,      1132.00,      1132.00,      1132.00,      1132.00,                   113200.00,100, ,1,      1170.00,      1065.00
N,N6,IIFLZC28C,UNSEC RE NCD 0% SR.III,      1490.00,      1480.20,      1480.20,      1480.20,      1480.20,                   444060.00,300, ,4,      1575.00,      1161.00
N,N6,SCL01825,SCL 0% 2027 SR III,      1006.00,      1006.00,      1006.00,      1006.00,      1006.00,                    20120.00,20, ,2,      1006.00,       911.62
N,N7,1050NFL26,SEC RE NCD 10.50% SR.IV,      1001.00,      1003.83,      1003.83,      1003.83,      1003.83,                     9034.47,9, ,1,      1200.00,       970.14
N,N7,774IREDA31,7.74% TAX FREE NCD,      1165.00,      1170.00,      1170.00,      1165.00,      1165.00,                   431100.00,370, ,4,      1184.90,      1085.00
N,N7,898LTF29,SERENCD 8.98% SR.VI OP2,      1089.00,      1085.00,      1110.00,      1085.00,      1088.00,                   170766.00,157, ,5,      1182.00,      1030.00
N,N7,97MOFSL34,SEC RE NCD 9.70% SR VIII,      1130.00,      1129.00,      1129.00,      1129.00,      1129.00,                    11290.00,10, ,1,      1180.40,      1000.00
N,N7,99AEL29,SEC RE NCD 9.90% SR VII,      1060.00,      1062.11,      1068.90,      1060.00,      1068.90,                  1114396.40,1051, ,9,      1165.00,      1015.00
N,N7,NIDOZC26,SEC RED NCD SR. VII,      2418.00,      2427.80,      2427.80,      2427.80,      2427.80,                     9711.20,4, ,2,      2450.00,      1920.21
N,N8,764HUDCO31,7.64% TAX FREETRI SR2B,      1164.01,      1164.00,      1169.00,      1164.00,      1169.00,                   969672.85,833, ,7,      1179.99,      1081.20
N,N8,865SCL26,SEC RED NCD 8.65% SR. V,      1010.00,      1010.00,      1010.00,      1010.00,      1010.00,                    15150.00,15, ,1,      1015.00,       930.40
N,N8,892PFCL33,8.92% TAX FREE NCD,      1234.00,      1232.01,      1243.00,      1232.01,      1236.87,                  1409222.16,1139, ,45,      1343.00,      1219.99
N,N9,735NHAI31,TAX FREE7.35% SR.IIA,      1132.00,      1130.71,      1130.71,      1130.71,      1130.71,                    11307.10,10, ,1,      1340.90,      1075.10
N,N9,769HUDCO31,7.69% TAX FREETRII SR2B,      1100.99,      1100.00,      1100.00,      1100.00,      1100.00,                   110000.00,100, ,2,      1173.00,      1083.01
N,N9,820IIFL27,SEC RE NCD 8.20% SR.III,       983.00,       983.10,       983.10,       983.05,       983.05,                   491531.15,500, ,4,      1000.00,       943.00
N,N9,871REC28,BOND 8.71% TAX FREE S2B,      1089.99,      1091.80,      1092.00,      1090.50,      1091.07,                   240016.20,220, ,8,      1179.99,      1075.00
N,N9,885SCL26,SEC RED NCD 8.85% SR. VI,      1020.00,       991.00,      1000.55,       991.00,      1000.55,                     6994.30,7, ,3,      1076.25,       952.57
N,N9,895AEL27,AEL 8.95% 2027 SR I,      1027.01,      1025.88,      1025.88,      1025.88,      1025.88,                    51294.00,50, ,1,      1094.00,       935.10
N,NA,1035UCL26,SEC RE NCD 10.35% SR III,       218.00,       218.00,       218.00,       210.00,       210.00,                     1930.00,9, ,3,       968.00,       210.00
N,NA,1040NFL26,SEC RE NCD 10.40% SR.II,      1001.00,      1004.00,      1004.00,      1000.00,      1000.00,                    47014.00,47, ,3,      1040.00,       850.20
N,NA,76NHAI31,TAX FREE7.60% SR.IIB,      1150.00,      1150.00,      1151.00,      1148.53,      1149.82,                   650916.94,566, ,19,      1180.00,      1086.00
N,NA,84TCHF28,SEC RED NCD 8.40% SR.V,      1019.00,      1018.01,      1018.01,      1018.00,      1018.00,                    32576.01,32, ,2,      1099.00,      1002.00
N,NA,862REC33,BOND 8.62% TAX FREE S3B,      1228.00,      1228.00,      1228.00,      1228.00,      1228.00,                    19648.00,16, ,2,      1299.79,      1190.00
N,NA,865IRFC29,BOND 8.65% PA TF TI-SIIB,      1159.00,      1160.59,      1160.59,      1160.59,      1160.59,                     1160.59,1, ,1,      1389.90,      1090.00
N,NA,957IIFLS27,SEC RE NCD 9.57% SR III,       990.00,       990.00,       990.00,       990.00,       990.00,                    69300.00,70, ,2,      1021.00,       930.00
N,NA,9PCHFL31A,SEC RE NCD 9% SR.V,      1045.00,      1048.90,      1048.90,      1048.90,      1048.90,                     1048.90,1, ,1,      1089.80,       985.00
N,NB,1090NFL26,SEC RE NCD 10.90% SR.III,      1072.80,      1074.80,      1074.80,      1074.80,      1074.80,                    78460.40,73, ,1,      1074.80,       950.00
N,NB,IIFLHFZC27,SEC RE NCD 0% SR.V,      1370.00,      1340.80,      1340.80,      1340.80,      1340.80,                    53632.00,40, ,1,      1370.00,       985.00
N,NB,TCHF30,UN SE RE NCD 8.55% SR.VI,      1060.00,      1033.50,      1056.75,      1033.50,      1045.91,                   440750.70,421, ,10,      1131.25,      1000.00
N,NC,1065NFL27,SEC RE NCD 10.65% SR.IV,      1015.00,      1016.00,      1016.00,      1015.00,      1015.62,                     8125.00,8, ,2,      1200.00,       950.01
N,NC,11UCL26,SEC RE NCD 11% SR V,      1094.90,      1075.20,      1075.20,      1075.20,      1075.20,                     2150.40,2, ,2,      1240.30,       880.25
N,NC,729NHAI26,TAX FREE 7.29% SR. IB,      1026.00,      1027.99,      1027.99,      1023.05,      1023.75,                   211994.05,207, ,3,      1085.00,       983.55
N,NC,753NTPC30E,TFB 7.53% 2030 SR. 2B,      1095.00,      1095.00,      1095.00,      1095.00,      1095.00,                   102930.00,94, ,2,      1198.00,      1073.12
N,NC,843IHFL29,SEC RE NCD 8.43% SR.VI,       965.00,       984.00,       987.00,       984.00,       987.00,                     9864.00,10, ,2,       994.00,       875.40
N,NC,885TCAPS29,UNSERENCD8.85%SRIVCIII&IV,      1179.00,      1086.00,      1086.00,      1083.00,      1083.00,                     3252.00,3, ,2,      1190.00,      1005.00
N,NC,915AEL28,AEL 9.15% 2028 SR IV,      1050.00,      1050.00,      1052.00,      1050.00,      1051.71,                   243911.59,232, ,9,      1055.00,       990.60
N,ND,762NTPC35F,TFB 7.62% 2035 SR. 3B,      1183.00,      1194.90,      1194.90,      1194.90,      1194.90,                     1194.90,1, ,1,      1293.00,      1152.00
N,ND,876HUDCO28,8.76% TAX FREETRI SR2B,      1102.65,      1100.01,      1107.00,      1100.01,      1107.00,                   452890.50,410, ,5,      1270.00,      1072.00
N,ND,965SCL30,SCL 9.65% 2030 SR VII,       999.00,       990.00,       990.00,       990.00,       990.00,                    24750.00,25, ,1,       999.00,       990.00
N,ND,AEL170725,AEL 0% 2028 SR V,      1030.00,      1020.00,      1033.00,      1020.00,      1033.00,                    41950.00,41, ,2,      1055.00,       995.00
N,NE,10IIFL28A,UNSE RE NCD 10% SR.I,      1062.00,      1058.75,      1064.94,      1058.75,      1060.00,                   793083.64,748, ,21,      1111.00,       934.00
N,NE,769NHAI31,TAX FREE 7.69% SR. IIB,      1111.73,      1114.90,      1115.00,      1114.90,      1115.00,                  1315642.80,1180, ,13,      1210.00,      1089.11
N,NE,850CIFCL26,SEC RE NCD 8.50% SR 3,      1004.00,      1004.00,      1004.00,      1004.00,      1004.00,                    24096.00,24, ,1,      1079.99,       975.81
N,NE,888IRFC29,BOND 8.88% PA TF TII-SIIB,      1161.05,      1163.00,      1163.69,      1163.00,      1163.27,                   412951.25,355, ,6,      1354.90,      1105.00
N,NE,901HUDCO34,9.01% TAX FREETRII SR3B,      1233.54,      1244.00,      1250.00,      1243.00,      1245.95,                  2262820.99,1816, ,59,      1341.99,      1211.00
N,NE,915SCL26,UNS RED NCD 9.15% SR.IX,       999.90,      1007.00,      1007.00,      1006.00,      1006.00,                    70470.00,70, ,2,      1229.00,       925.41
N,NF,1015UCL27,UCL 10.15% SR III,       994.20,       990.01,       993.00,       990.01,       993.00,                     4959.02,5, ,2,      1049.00,       950.00
N,NF,96IIFL28A,UNSE RE NCD 9.6% SR.II,       995.12,       995.29,       999.00,       995.29,       998.94,                  1885752.05,1889, ,18,       999.99,       890.00
N,NG,AEL170725A,AEL 0% 2030 SR VIII,      1040.00,      1035.00,      1035.00,      1035.00,      1035.00,                     7245.00,7, ,1,      1047.95,       951.01
N,NG,IIFLZC28,UNSE RE NCD 0% SR.III,      1540.00,      1565.49,      1565.49,      1565.49,      1565.49,                    15654.90,10, ,1,      1565.49,      1112.10
N,NH,1050UCL28,UCL 10.50% SR V,      1015.00,      1015.00,      1015.00,       995.00,      1005.03,                    97486.00,97, ,9,      1055.00,       951.10
N,NH,925SCL30A,SCL 9.25% 2030 SR IX,       999.99,       920.00,       930.00,       920.00,       930.00,                    18500.00,20, ,2,      1080.50,       880.20
N,NI,812REC27,8.12/8.32% TAX FREE NCD,      1070.21,      1073.50,      1073.50,      1073.50,      1073.50,                   107350.00,100, ,2,      1170.00,      1032.00
N,NJ,753IRFC30,TAX FREE  7.53% SR. 103 A,      1096.01,      1098.99,      1099.00,      1097.50,      1099.00,                   455912.25,415, ,13,      1210.00,      1074.00
N,NJ,82IGT31,SEC RE NCD 8.20% SR.V,      1062.20,      1070.00,      1070.00,      1069.99,      1069.99,                     9629.92,9, ,4,      1156.05,      1003.75
N,NJ,875CIFC23B,SEC RE NCD 8.45% SR 1,      1065.20,      1076.80,      1076.80,      1076.80,      1076.80,                    75376.00,70, ,2,      1090.20,       999.00
N,NJ,943ECL28,SEC RED NCD 9.43% SR. VI,       995.99,       996.97,       996.97,       995.00,       995.00,                   149348.50,150, ,2,      1074.00,       822.00
N,NK,985ECL28,SEC RED NCD 9.85% SR. VII,      1017.00,      1014.00,      1016.06,      1014.00,      1016.06,                   806352.18,794, ,4,      1098.00,       954.00
N,NL,797IGT31,SEC RE NCD 7.97% SR.VI,      1020.15,      1020.00,      1025.00,      1018.78,      1019.87,                  1199478.48,1176, ,5,      1110.00,       980.00
N,NL,842IIFL26,SEC RE NCD 8.42% SR.V,       991.00,       991.00,       991.50,       988.00,       988.06,                   518407.90,524, ,9,       999.89,       945.25
N,NM,1030SFIL28,SEC RE NCD 10.30% SR.VII,       665.50,       644.01,       644.01,       644.01,       644.01,                    14812.23,23, ,1,      1038.00,       520.00
N,NM,875IIFL26,SEC RE NCD 8.75% SR.VI,      1019.50,      1017.90,      1018.00,      1017.90,      1018.00,                   152695.00,150, ,3,      1063.50,       970.00
N,NM,995SCL2035,SCL 9.95% 2035 SR XII,       979.00,       980.00,       980.00,       980.00,       980.00,                    49000.00,50, ,4,      1000.00,       900.10
N,NN,865LTF26,SERENCD 8.65% SR.VI OP12,      1010.00,      1010.00,      1010.00,      1010.00,      1010.00,                    89890.00,89, ,4,      1156.40,       990.11
N,NO,764IRFC31,TAX FREE  7.64% SR. 108A,      1107.99,      1105.00,      1107.00,      1105.00,      1105.16,                   352545.50,319, ,6,      1170.00,      1085.20
N,NQ,875IIFL26A,SEC RE NCD 8.75% SR.III,      1072.00,      1076.00,      1078.00,      1076.00,      1077.00,                   542808.00,504, ,18,      1080.00,       964.20
N,NR,1015ECL29,SEC RED NCD 10.15% SR. VI,      1018.50,      1020.00,      1022.00,      1016.10,      1016.10,                   786970.80,773, ,15,      1029.00,       965.00
N,NR,IIFLZC26A,SEC RE NCD 0% SR.IV,      1274.00,      1274.00,      1499.89,      1274.00,      1395.57,                   216404.90,163, ,10,      1499.89,      1115.20
N,NS,1060ECL29,SEC RED NCD 10.6% SR. VII,      1005.00,      1006.00,      1006.00,      1004.00,      1005.09,                   210193.98,209, ,6,      1340.00,       890.30
N,NS,865IIFL28,SEC RE NCD 8.65% SR.V,       984.00,       987.99,       990.00,       987.50,       988.00,                  1646555.20,1666, ,14,       991.00,       861.00
N,NS,889SCL26,SEC RE NCD 9.25% SR.VII,      1009.80,      1010.38,      1010.38,      1010.38,      1010.38,                    10103.80,10, ,2,      1096.65,       970.00
N,NV,9IIFL26,IIFL 9% TR I SR I,      1041.80,      1059.75,      1059.80,      1059.75,      1059.76,                   148367.50,140, ,3,      1059.80,       990.00
N,Y3,1025IIFL30,IIFL 10.25% TR I SR IX,      1060.00,      1060.00,      1075.00,      1060.00,      1074.61,                  1499200.00,1403, ,5,      1120.00,      1000.00
N,Y7,990SCL26B,SEC RE NCD 9.9% SR IV,      1000.00,       960.20,       960.20,       960.20,       960.20,                     4801.00,5, ,1,      1078.80,       820.00
N,YI,903SFL28,SEC RED NCD 9.03% SR. II,      1056.99,      1064.00,      1078.00,      1064.00,      1064.00,                   531930.00,495, ,5,      1100.00,      1000.00
N,YL,94SFL28,SEC RED NCD 9.40% SR. V,      1075.96,      1078.00,      1078.00,      1073.00,      1075.00,                   215000.00,200, ,5,      1264.48,      1023.00
N,YS,97SFL28,SEC RED NCD 9.70% SR. V,      1060.00,      1060.00,      1060.00,      1060.00,      1060.00,                   187620.00,177, ,7,      1169.00,       945.00
N,YW,957ICCL25,SEC RED NCD 9.30% SR. II,      1061.73,      1080.00,      1080.00,      1079.95,      1079.95,                   400674.20,371, ,10,      1100.00,      1020.00
N,Z4,1003SCFL31,SEC RE NCD 10.03% SR X,       993.00,       984.00,       984.00,       984.00,       984.00,                    44280.00,45, ,1,       999.00,       799.65
N,ZC,SFLZC26A,SEC RED NCD SR.X,      1809.00,      1812.00,      1812.00,      1780.00,      1797.00,                    55626.00,31, ,4,      1985.00,      1390.00
N,ZI,902SCL27A,SEC RE NCD 9.02% SR V,       969.00,       969.00,       978.00,       969.00,       978.00,                  1168200.00,1200, ,3,       978.00,       845.20
N,ZM,925SCL29A,SEC RE NCD 9.25% SR VIII,       975.00,       950.62,       975.00,       940.00,       975.00,                    42820.52,44, ,5,       977.00,       870.00
N,ZN,971SCL29A,SEC RE NCD 9.71% SR VIII,       910.20,       979.00,       979.00,       979.00,       979.00,                    39160.00,40, ,1,      1025.00,       900.30
N,ZR,1075SCL34,SEC RE NCD 10.75% SR XI,      1025.00,      1025.00,      1025.00,      1025.00,      1025.00,                    28700.00,28, ,2,      1125.00,       900.00
N,ZY,894SCL27,SEC RE NCD 9.80% SR.VII,       890.00,       597.00,       597.00,       597.00,       597.00,                     3582.00,6, ,2,       928.00,       597.00
