MARKET,SERIES,SYMBOL,SECURITY,PREV_CL_PR,OPEN_PRICE,HIGH_PRICE,LOW_PRICE,CLOSE_PRICE,NET_TRDVAL,NET_TRDQTY,CORP_IND,HI_52_WK,LO_52_WK
N,SM,AMJUMBO,A AND M JUMBO BAGS LTD,         9.95,        10.00,        10.00,        10.00,        10.00,                    80000.00,8000, ,        10.10,         6.80
N,SM,AGUL,A G UNIVERSAL LIMITED,        68.95,        65.55,        65.55,        65.55,        65.55,                   131100.00,2000, ,        70.50,        37.30
N,SM,AAKAAR,AAKAAR MEDICAL TECHNO LTD,        72.00,        71.25,        71.25,        70.10,        70.10,                   566320.00,8000, ,       105.00,        62.00
N,ST,AARADHYA,AARADHYA DISPOSAL INDUS L,       119.80,       125.75,       125.75,       122.00,       122.00,                   443700.00,3600, ,       182.00,        97.50
N,SM,AATMAJ,AATMAJ HEALTHCARE LIMITED,        25.25,        24.00,        24.00,        24.00,        24.00,                    48000.00,2000, ,        26.00,        14.50
N,SM,ABHAPOWER,ABHA POWER N STEEL LTD,        36.90,        36.00,        36.95,        35.05,        36.55,                   401520.00,11200, ,        55.25,        26.45
N,SM,AILIMITED,ABHISHEK INTEGRATIONS LTD,        40.00,        39.00,        39.00,        39.00,        39.00,                    58500.00,1500, ,        90.90,        36.70
N,SM,ABSMARINE,ABS MARINE SERVICES LTD,       197.15,       196.20,       201.00,       195.50,       199.40,                  3170100.00,16000, ,       259.00,        92.10
N,SM,ACCENTMIC,ACCENT MICROCELL LIMITED,       340.20,       340.00,       353.00,       336.65,       348.75,                 19587300.00,56500, ,       362.00,       180.00
N,ST,ACCPL,ACCRETION PHARMA LIMITED,        84.05,        86.40,        86.40,        84.00,        84.00,                  1531680.00,18000, ,       102.50,        53.80
N,SM,ACTIVEINFR,ACTIVE INFRASTRUCTURES L,       170.00,       171.00,       171.00,       171.00,       171.00,                   205200.00,1200, ,       190.00,       147.05
N,SM,AERON,AERON COMPOSITE LIMITED,       103.50,       102.00,       105.00,       102.00,       104.90,                  4155750.00,40000, ,       202.20,        89.05
N,SM,AESTHETIK,AESTHETIK ENGINEERS LTD,        88.00,        87.00,        90.00,        87.00,        89.50,                  1146250.00,13000, ,       155.60,        60.00
N,SM,AGARWALFT,AGARWAL FLOAT GLASS I LTD,        42.00,        42.05,        42.05,        42.05,        42.05,                    63075.00,1500, ,        73.00,        38.00
N,SM,AGARWALTUF,AGARWAL TOUGH GLASS IND L,       127.70,       127.05,       131.95,       127.05,       127.30,                  5568780.00,43200, ,       174.05,        81.00
N,SM,AGNI,AGNI GREEN POWER LTD,        23.25,        23.35,        23.35,        23.35,        23.35,                    58375.00,2500, ,        43.35,        17.90
N,ST,AIMTRON,AIMTRON ELECTRONICS LTD,       859.45,       845.00,       888.00,       830.00,       884.00,                 29036700.00,33600, ,      1040.00,       358.00
N,SM,AKANKSHA,AKANKSHA POWER N INFRA L,        69.00,        68.00,        69.00,        68.00,        68.25,                   616250.00,9000, ,       165.00,        67.05
N,ST,AKIKO,AKIKO GLOBAL SERVICES L,       260.00,       262.60,       262.60,       262.60,       262.60,                   210080.00,800, ,       299.30,        62.00
N,SM,ALCODIS,ALCOKRAFT DISTILLERIE LTD,        94.40,        94.40,        94.40,        94.40,        94.40,                    59000.00,625, ,       248.00,        90.60
N,SM,ALLETEC,ALL E TECHNOLOGIES LTD,       214.75,       214.95,       219.60,       214.95,       219.30,                  2344700.00,10800, ,       538.80,       200.00
N,SM,ALPEXSOLAR,ALPEX SOLAR LIMITED,       817.55,       813.50,       827.90,       813.00,       825.30,                 15750795.00,19200, ,      1449.70,       495.00
N,SM,ALUWIND,ALUWIND INFRA-TECH LTD,        71.00,        69.20,        69.50,        69.20,        69.35,                   415875.00,6000, ,        95.80,        48.00
N,SM,AMEYA,AMEYA PRECISION ENG LTD,        99.95,       104.00,       104.90,       102.00,       102.00,                  1044700.00,10000, ,       127.25,        91.90
N,ST,AMCL,ANB METAL CAST LIMITED,       355.10,       347.10,       358.00,       345.50,       358.00,                 14201000.00,40800, ,       385.00,       161.70
N,SM,AISL,ANI INTEGRATED SERV LTD.,        84.50,        80.40,        80.50,        80.30,        80.50,                   481980.00,6000, ,       189.90,        77.00
N,SM,ANLON,ANLON TECHNOLOGY SOL LTD,       409.00,       400.00,       400.00,       396.95,       396.95,                   478440.00,1200, ,       497.00,       239.00
N,SM,ANNAPURNA,ANNAPURNA SWADISHT LTD,       194.85,       194.90,       197.85,       193.50,       194.30,                 30920612.50,159000, ,       441.00,       180.00
G,ST,ANONDITA,ANONDITA MEDICARE LIMITED,      1032.90,      1013.05,      1013.05,      1012.25,      1012.25,                 17220250.00,17000, ,      1037.45,       261.75
N,SM,APEXECO,APEX ECOTECH LIMITED,       131.00,       131.00,       131.00,       131.00,       131.00,                   104800.00,800, ,       169.00,        73.00
N,SM,APRAMEYA,APRAMEYA ENGINEERING LTD,       301.10,       302.60,       307.00,       300.00,       302.00,                  4537050.00,15000, ,       360.00,        86.50
N,SM,ARABIAN,ARABIAN PETROLEUM LIMITED,        71.00,        74.50,        74.50,        70.15,        73.75,                  1611800.00,22000, ,        92.95,        63.00
N,SM,ARCIIL,ARC INSULATION & INSU LTD,        66.50,        67.00,        67.00,        67.00,        67.00,                   268000.00,4000, ,       145.00,        63.00
N,ST,ARHAM,ARHAM TECHNOLOGIES LTD,       151.10,       155.00,       155.00,       151.00,       151.50,                  2291400.00,15000, ,       161.00,        70.80
N,SM,ARUNAYA,ARUNAYA ORGANICS LIMITED,        19.90,        20.20,        20.20,        19.90,        20.00,                   281800.00,14000, ,        46.50,        17.50
N,SM,ARVINDPORT,ARVIND PORT AND INFRA LTD,        39.65,        39.95,        41.60,        38.45,        41.60,                  1207275.00,30000, ,        92.25,        38.45
N,ST,ASCOM,ASCOM LEASIN & INVEST LTD,       126.50,       126.70,       128.00,       126.70,       128.00,                   318200.00,2500, ,       128.00,        76.55
N,ST,ASHWINI,ASHWINI CONTAINER MOVER L,       137.25,       138.00,       138.50,       137.75,       138.10,                  1517250.00,11000, ,       147.00,       127.90
N,SM,ASPIRE,ASPIRE & INNOVATIVE ADV L,        15.50,        15.40,        16.20,        15.30,        16.20,                   186200.00,12000, ,        47.45,        15.30
N,SM,ATCENERGY,ATC ENERGIES SYSTEM LTD,        37.45,        37.45,        37.95,        35.10,        36.60,                  1005480.00,27600, ,       115.35,        34.20
N,SM,ATMASTCO,ATMASTCO LIMITED,       133.30,       133.00,       135.00,       131.05,       131.95,                  2772200.00,20800, ,       300.80,       127.00
N,SM,AUROIMPEX,AURO IMPEX & CHEMICALS L,        40.00,        40.55,        40.55,        39.25,        39.25,                   446640.00,11200, ,        86.50,        35.75
N,SM,APS,AUSTRALIAN PREM SOLAR I L,       370.35,       368.50,       375.50,       368.00,       372.25,                  6585912.50,17750, ,       654.00,       345.00
N,SM,AVIANSH,AVI ANSH TEXTILE LIMITED,       116.50,       116.75,       117.25,       116.75,       117.25,                  2107250.00,18000, ,       122.00,        93.80
N,SM,AVPINFRA,AVP INFRACON LIMITED,       118.35,       118.10,       121.45,       118.10,       119.70,                  5248480.00,44000, ,       264.30,       118.00
N,SM,BAGDIGITAL,B.A.G.CONVERGENCE LIMITED,       120.00,       121.50,       122.25,       121.50,       122.25,                   390000.00,3200, ,       139.00,        95.75
N,SM,BABAFP,BABA FOOD PROCESSING,        33.25,        33.90,        33.90,        31.35,        32.10,                   210000.00,6400, ,        63.50,        29.55
N,SM,BAHETI,BAHETI RECYCLING IND LTD,       605.10,       617.00,       617.00,       607.00,       609.40,                 10973418.75,18000, ,       649.90,       328.10
N,SM,BALAJIPHOS,BALAJI PHOSPHATES LIMITED,       143.50,       144.00,       144.00,       141.50,       141.50,                  1000250.00,7000, ,       184.70,        72.60
N,SM,BARFLEX,BARFLEX POLYFILMS LIMITED,        75.60,        75.45,        75.45,        74.05,        74.60,                   745700.00,10000, ,        82.40,        41.15
N,SM,BASILIC,BASILIC FLY STUDIO LTD,       338.85,       333.65,       340.70,       333.65,       340.50,                  3359475.00,9900, ,       509.80,       223.15
N,SM,BAWEJA,BAWEJA STUDIOS LIMITED,        42.95,        40.50,        44.00,        40.50,        42.35,                   650560.00,15200, ,        79.00,        35.00
N,ST,BEACON,BEACON TRUSTEESHIP LTD,        85.20,        85.00,        85.75,        82.50,        84.45,                  1997000.00,24000, ,       104.90,        50.00
N,SM,BEWLTD,BEW ENGINEERING LIMITED,       121.35,       123.50,       124.00,       123.50,       123.75,                   371350.00,3000, ,       272.60,       110.40
N,SM,BHADORA,BHADORA INDUSTRIES LTD,        73.70,        77.00,        79.50,        77.00,        77.70,                  1411680.00,18000, ,       128.85,        71.05
N,SM,BIKEWO,BIKEWO GREEN TECH LIMITED,        22.25,        22.25,        22.25,        21.55,        22.25,                  1566700.00,72000, ,        30.95,        13.65
N,SM,BLUEPEBBLE,BLUE PEBBLE LIMITED,       125.05,       126.30,       144.80,       124.05,       124.60,                  1071660.00,8400, ,       370.85,        88.00
N,SM,BLUEWATER,BLUE WATER LOGISTICS LTD,       142.40,       152.00,       153.00,       147.50,       149.80,                  1197300.00,8000, ,       187.20,       125.40
N,SM,BMETRICS,BOMBAY METRICS S C LTD,        43.75,        43.75,        43.75,        43.75,        43.75,                    35000.00,800, ,        63.20,        38.10
N,SM,BOSS,BOSS PACKAGING SOLU LTD,        44.40,        46.55,        46.55,        44.50,        45.15,                   364000.00,8000, ,        56.30,        36.55
N,SM,BRACEPORT,BRACE PORT LOGISTICS LTD,        95.85,        95.95,        98.00,        94.00,        95.95,                  1390160.00,14400, ,       111.00,        69.00
N,SM,BULKCORP,BULKCORP INTERNATIONAL L,        60.00,        60.00,        60.00,        60.00,        60.00,                    72000.00,1200, ,       106.80,        50.55
N,ST,CPS,C P S SHAPERS LIMITED,      1154.00,      1154.00,      1200.00,      1154.00,      1185.00,                   704100.00,600, ,      1203.90,       412.00
N,SM,C2C,C2C ADVANCED SYSTEMS LTD,       470.10,       470.00,       482.00,       460.10,       476.55,                 32153445.00,68100, ,       954.00,       250.15
N,SM,CADSYS,CADSYS (INDIA) LIMITED,        49.90,        52.35,        52.35,        52.35,        52.35,                    26175.00,500, ,       120.05,        35.60
N,SM,CANARYS,CANARYS AUTOMATIONS LTD,        30.15,        30.20,        30.20,        30.00,        30.00,                   361000.00,12000, ,        39.85,        23.50
N,SM,CUDML,CASH UR DRIVE MARKETING L,       137.00,       135.05,       135.05,       132.60,       132.85,                   801150.00,6000, ,       166.50,       130.00
N,SM,CEDAAR,CEDAAR TEXTILE LIMITED,        58.00,        58.00,        60.90,        58.00,        60.90,                  1569900.00,26000, ,       136.30,        57.25
N,SM,CELLPOINT,CELL POINT (INDIA) LTD,        16.30,        16.45,        16.80,        16.35,        16.35,                   138480.00,8400, ,        28.25,        15.60
N,SM,CELLECOR,CELLECOR GADGETS LIMITED,        29.05,        29.20,        29.80,        28.85,        29.05,                  4023000.00,138000, ,        81.50,        25.75
N,SM,CMNL,CHAMAN METALLICS LIMITED,       122.75,       126.00,       126.00,       118.25,       118.25,                  2551125.00,21000, ,       183.90,       111.60
N,SM,CHAMUNDA,CHAMUNDA ELECTRICAL LTD,        50.85,        51.00,        51.00,        51.00,        51.00,                   306000.00,6000, ,        71.00,        36.10
N,SM,CHANDAN,CHANDAN HEALTHCARE LTD,       316.60,       318.05,       320.00,       315.00,       316.50,                  7379320.00,23200, ,       358.00,       140.00
N,SM,CHAVDA,CHAVDA INFRA LIMITED,       123.35,       123.35,       123.50,       122.10,       123.50,                   615450.00,5000, ,       186.00,        82.10
N,SM,CSSL,CLEAR SECURED SERVICES L,       133.35,       133.50,       133.60,       129.00,       129.20,                  9956800.00,76000, ,       134.00,        96.75
N,SM,CONNPLEX,CONNPLEX CINEMAS LIMITED,       266.50,       269.00,       279.90,       269.00,       276.75,                 13397360.00,48800, ,       292.70,       177.00
N,SM,COOLCAPS,COOL CAPS INDUSTRIES LTD,        69.80,        67.00,        71.00,        67.00,        70.20,                  5946812.50,86250, ,       931.00,        67.00
N,SM,CRAYONS,CRAYONS ADVERTISING LTD,        38.30,        38.00,        40.00,        37.10,        40.00,                   275050.00,7000, ,       104.00,        36.75
N,SM,CGRAPHICS,CREATIVE GRAPHICS S IND L,       197.00,       199.20,       199.20,       195.00,       197.00,                  7122640.00,36000, ,       259.00,       134.40
N,SM,CLSL,CROP LIFE SCIENCE LIMITED,        52.00,        51.00,        52.00,        47.15,        52.00,                  2605600.00,52000, ,        62.80,        42.25
N,SM,CURIS,CURIS LIFESCIENCES LTD,       125.50,       128.00,       128.00,       123.50,       123.50,                  1120200.00,9000, ,       147.90,       107.00
N,SM,DANISH,DANISH POWER LIMITED,       645.80,       650.00,       652.95,       644.00,       645.25,                  8432310.00,13050, ,      1237.80,       599.95
N,SM,DCCL,DAR CREDIT & CAPITAL LTD,        46.00,        45.90,        45.90,        44.00,        44.45,                   536200.00,12000, ,        66.00,        44.00
N,SM,DCG,DCG CABLES & WIRES LTD,        67.75,        67.75,        68.45,        66.15,        68.45,                   482040.00,7200, ,       122.50,        55.00
N,SM,DENEERS,DE NEERS TOOLS LIMITED,       150.00,       148.65,       157.50,       148.05,       153.00,                  3488010.00,22800, ,       374.80,       132.00
N,SM,DECCANTRAN,DECCAN TRANSCON LEASING L,        23.75,        23.40,        24.15,        23.25,        24.15,                   169740.00,7200, ,        67.50,        22.20
N,SM,DEEM,DEEM ROLL TECH LIMITED,        50.40,        50.60,        50.60,        50.55,        50.55,                   202250.00,4000, ,        89.45,        38.35
N,SM,DELAPLEX,DELAPLEX LIMITED,       130.20,       130.20,       136.00,       130.00,       133.25,                  1033410.00,7800, ,       248.00,       126.00
N,SM,DELTIC,DELTA AUTOCORP LIMITED,        50.60,        48.20,        51.20,        48.20,        50.00,                  1049500.00,21000, ,       183.75,        43.00
N,SM,DHANLAXMI,DHANLAXMI CROP SCIENCE L,        30.75,        30.60,        30.60,        30.20,        30.20,                   121600.00,4000, ,        82.30,        25.05
N,ST,DHARARAIL,DHARA RAIL PROJECTS LTD,       149.65,       142.20,       142.20,       142.20,       142.20,                  4550400.00,32000, ,       157.50,       142.20
G,ST,DHARIWAL,DHARIWALCORP LIMITED,       368.35,       374.90,       374.90,       361.00,       361.00,                  3726900.00,10200, ,       374.90,        90.50
N,SM,DTL,DIENSTEN TECH LIMITED,       146.00,       146.00,       146.00,       146.00,       146.00,                   175200.00,1200, ,       188.80,       105.00
N,SM,DIGIKORE,DIGIKORE STUDIOS LIMITED,        72.25,        70.80,        74.50,        70.80,        74.20,                  1908640.00,26000, ,       307.60,        64.80
G,ST,DIVINEHIRA,DIVINE HIRA JEWELLERS LTD,       234.70,       239.20,       239.20,       239.20,       239.20,                   382720.00,1600, ,       239.20,        43.00
N,ST,DPEL,DIVINE POWER ENERGY LTD,       272.30,       279.00,       279.00,       265.00,       272.10,                 16339325.00,60000, ,       305.70,        92.05
G,ST,DHTL,DOCMODE HEALTH TECH LTD,        72.70,        74.15,        74.15,        74.15,        74.15,                    59320.00,800, ,       125.20,        36.90
N,SM,DOLLEX,DOLLEX AGROTECH LIMITED,        39.20,        38.80,        39.85,        38.80,        39.85,                   314600.00,8000, ,        44.25,        32.00
N,SM,DRONE,DRONE DESTINATION LIMITED,        67.45,        68.35,        68.35,        66.50,        66.75,                   973900.00,14500, ,       219.85,        64.55
N,SM,DUCOL,DUCOL ORGS AND COLOURS LT,       159.85,       149.90,       151.85,       149.40,       151.60,                   843120.00,5600, ,       209.50,        93.50
N,SM,DUGLOBAL,DUDIGITAL GLOBAL LIMITED,        30.15,        30.95,        30.95,        30.95,        30.95,                    77375.00,2500, ,        70.00,        28.05
N,SM,DURLAX,DURLAX TOP SURFACE LTD,        42.00,        40.35,        41.95,        39.75,        41.00,                  6163100.00,150000, ,        59.75,        32.70
N,SM,DYNAMIC,DYNAMIC SRVCS & SEC LTD,       130.30,       130.95,       135.00,       127.20,       129.25,                  4544350.00,34500, ,       391.80,        85.40
N,ST,EFACTOR,E FACTOR EXPERIENCES LTD,       340.95,       345.00,       346.70,       325.05,       339.70,                  1210120.00,3600, ,       348.00,       127.50
N,ST,E2ERAIL,E TO E TRANS INFRA LTD,       174.00,       330.60,       347.10,       314.20,       327.80,                994619920.00,2938400, ,       347.10,       314.20
N,SM,ECOLINE,ECOLINE EXIM LIMITED,       132.00,       129.00,       130.00,       129.00,       130.00,                   647000.00,5000, ,       143.90,       126.05
N,SM,EFFWA,EFFWA INFRA & RESEARCH L,       227.00,       230.00,       231.00,       224.00,       227.70,                  4521020.00,20000, ,       270.00,       147.55
N,SM,EFORCE,ELECTRO FORCE (INDIA) LTD,        33.90,        33.90,        33.90,        33.90,        33.90,                   162720.00,4800, ,        64.50,        29.20
N,SM,ELGNZ,ELEGANZ INTERIORS LIMITED,        91.80,        91.60,        94.90,        91.60,        92.25,                  3359450.00,36000, ,       163.50,        87.35
N,SM,EMAPARTNER,EMA PARTNERS INDIA LTD,        96.00,        96.05,        96.05,        95.50,        95.50,                   575150.00,6000, ,       158.80,        82.15
N,SM,ETML,EMERALD TYRE MANUF LTD,       106.40,        99.00,       104.55,        99.00,       104.55,                   488340.00,4800, ,       184.95,        96.10
N,SM,EMKAYTOOLS,EMKAY TAP & CUT. TOOL LTD,       113.00,       113.10,       117.00,       113.00,       116.00,                   257625.00,2250, ,       498.95,       112.00
N,SM,ETL,EMKAY TOOLS LIMITED,       845.00,       840.05,       840.05,       840.05,       840.05,                   378022.50,450, ,      1235.00,       721.10
N,SM,ENCOMPAS,ENCOMPASS DESIGN INDIA L,       254.00,       250.55,       255.00,       246.10,       253.95,                  5713320.00,22800, ,       260.00,       167.35
N,SM,EMMIL,ENERGY MISSION MACH IND L,       185.20,       186.00,       186.00,       186.00,       186.00,                    93000.00,500, ,       337.35,       162.10
N,SM,ENSER,ENSER COMMUNICATIONS LTD,        16.00,        15.80,        16.95,        15.50,        16.95,                   555000.00,35000, ,       321.00,        13.35
N,SM,ENVIRO,ENVIROTECH SYSTEMS LTD,       119.40,       119.40,       119.40,       115.20,       115.95,                  1283350.00,11000, ,       173.00,        90.05
N,SM,EEPL,EPPELTONE ENGINEERS LTD,       204.20,       209.00,       209.00,       201.00,       202.55,                  5067200.00,25000, ,       267.90,       160.05
N,ST,EPWINDIA,EPW INDIA LIMITED,       114.35,       110.00,       113.00,       108.65,       108.70,                 12194820.00,111600, ,       122.35,       108.65
N,SM,ESCONET,ESCONET TECHNOLOGIES LTD,       136.70,       134.00,       141.90,       134.00,       138.70,                  3755320.00,27200, ,       410.00,       129.40
N,SM,ESPRIT,ESPRIT STONES LIMITED,        54.00,        55.95,        64.80,        55.95,        64.80,                  6620160.00,105600, ,       159.45,        52.00
N,SM,ESFL,ESSEN SPECIALITY FILMS L,       180.95,       183.95,       189.00,       172.60,       175.75,                 23613948.00,132840, ,       744.85,       149.95
N,ST,EXIMROUTES,EXIM ROUTES LIMITED,       152.75,       160.35,       160.35,       160.30,       160.35,                 36688000.00,228800, ,       160.35,       104.50
N,SM,FALCONTECH,FALCON TECHNOPROJ IND LTD,        14.95,        15.30,        15.50,        15.10,        15.50,                    92040.00,6000, ,        56.30,        14.85
N,SM,FELIX,FELIX INDUSTRIES LTD.,       170.35,       171.00,       180.90,       171.00,       178.05,                 29156625.00,164000, ,       220.00,       108.00
N,SM,FIDEL,FIDEL SOFTECH LIMITED,       132.30,       138.00,       138.00,       138.00,       138.00,                   138000.00,1000, ,       234.00,       109.00
N,SM,FINBUD,FINBUD FINANCIAL SERV LTD,       126.80,       128.10,       131.50,       127.25,       130.65,                  3237500.00,25000, ,       164.85,       110.00
N,SM,FLYSBS,FLYSBS AVIATION LIMITED,       528.85,       526.00,       539.00,       523.00,       535.50,                 35911320.00,68200, ,       790.00,       427.50
N,SM,FWSTC,FLYWINGS SIMULAT T C LTD,       223.55,       223.00,       227.50,       218.00,       221.15,                 17984580.00,80400, ,       248.00,       186.00
N,ST,FONEBOX,FONEBOX RETAIL LIMITED,        90.00,        89.50,        89.50,        89.50,        89.50,                    89500.00,1000, ,       129.00,        68.85
N,SM,FORCAS,FORCAS STUDIO LIMITED,       115.45,       123.95,       123.95,       120.00,       120.00,                   782160.00,6400, ,       140.00,        65.05
N,SM,FRESHARA,FRESHARA AGRO EXPORTS LTD,       174.20,       178.85,       178.85,       172.05,       176.65,                  9469560.00,54000, ,       221.95,       117.20
N,SM,FROG,FROG INNOVATIONS LIMITED,       159.40,       160.00,       163.50,       159.00,       163.50,                   574600.00,3600, ,       458.00,       150.00
N,SM,GAJANAND,GAJANAND INTERNATIONAL L,         9.55,        10.25,        10.25,        10.20,        10.20,                    91950.00,9000, ,        19.75,         9.50
N,SM,GML,GALAXY MEDICARE LIMITED,        21.75,        21.75,        21.75,        20.85,        20.85,                    85200.00,4000, ,        54.00,        18.10
N,SM,GGBL,GANESH GREEN BHARAT LTD,       324.45,       323.90,       324.50,       319.00,       323.50,                  1642485.00,5100, ,       610.00,       282.20
N,SM,GANESHIN,GANESH INFRAWORLD LIMITED,       145.80,       144.95,       154.60,       138.00,       142.00,                 55664840.00,380800, ,       279.80,       106.25
N,SM,GANGABATH,GANGA BATH FITTINGS LTD,        20.90,        20.95,        21.00,        20.25,        20.75,                   866250.00,42000, ,        59.00,        20.10
N,SM,GRCL,GAYATRI RUBB AND CHEM LTD,       368.15,       368.20,       385.00,       368.15,       385.00,                   924687.50,2500, ,       525.25,       315.60
N,SM,GIRIRAJ,GIRIRAJ CIVIL DEVP LTD,       258.95,       255.00,       255.00,       246.05,       246.05,                  1051150.00,4250, ,       409.00,        96.80
N,ST,GICL,GLOBE INTL CARRIERS LTD,        47.20,        47.20,        48.50,        45.00,        46.95,                 24219000.00,522000, ,       179.00,        40.00
G,ST,GSTL,GLOBESECURE TECHNO LTD,        14.70,        14.70,        14.95,        14.70,        14.95,                   192600.00,13000, ,        36.80,         5.95
N,SM,GOLDSTAR,GOLDSTAR POWER LIMITED,         6.80,         7.00,         7.00,         6.50,         6.70,                   974812.50,146250, ,        13.50,         6.50
N,SM,GOYALSALT,GOYAL SALT LIMITED,       163.00,       163.30,       163.30,       156.00,       161.50,                   675420.00,4200, ,       216.00,       142.00
N,SM,GPECO,GP ECO SOLUTIONS INDIA L,       413.70,       415.00,       436.30,       410.00,       433.40,                  6970300.00,16200, ,       616.50,       230.00
N,SM,GCHOTELS,GRAND CONTINENT HOTELS L,       165.95,       164.00,       164.00,       164.00,       164.00,                    98400.00,600, ,       255.00,       101.90
N,SM,GRAPHISAD,GRAPHISADS LIMITED,        48.90,        49.00,        49.15,        46.50,        48.05,                  5058900.00,106800, ,        61.10,        30.40
N,SM,GREENLEAF,GREENLEAF ENVIROTECH LTD,       171.55,       170.95,       171.55,       170.95,       171.00,                   685000.00,4000, ,       185.90,       111.00
N,SM,GSMFOILS,GSM FOILS LIMITED,       203.00,       205.50,       209.65,       205.50,       208.00,                  3854575.00,18500, ,       255.15,       110.70
N,SM,GURUNANAK,GURUNANAK AGRICULTUR IN L,        32.80,        34.40,        34.40,        34.15,        34.25,                   329520.00,9600, ,        60.00,        27.00
N,SM,HIGREEN,HI GREEN CARBON LIMITED,       169.90,       169.90,       169.90,       164.55,       165.60,                  3205840.00,19200, ,       340.90,       127.05
N,ST,HOACFOODS,HOAC FOODS INDIA LIMITED,       340.05,       339.30,       339.30,       323.05,       338.80,                  3914587.50,12000, ,       380.00,       112.00
N,SM,HOLMARC,HOLMARC OPTO MECHATRO L,       100.00,       100.00,       105.00,       100.00,       103.00,                   231000.00,2250, ,       197.50,        86.15
N,SM,HOMESFY,HOMESFY REALTY LIMITED,       162.00,       162.00,       162.00,       161.00,       162.00,                   194100.00,1200, ,       538.40,       158.00
N,SM,HRHNEXT,HRH NEXT SERVICES LIMITED,        28.45,        29.85,        29.85,        29.85,        29.85,                   179100.00,6000, ,       104.30,        25.30
N,SM,IBLFL,IBL FINANCE LIMITED,        59.10,        59.95,        59.95,        56.95,        56.95,                   233800.00,4000, ,        74.00,        45.45
N,SM,IDENTICAL,IDENTICAL BRAINS STUDIO L,        21.95,        21.95,        23.10,        21.95,        23.10,                   180500.00,8000, ,        90.10,        21.25
N,SM,IEML,INDIAN EMULSIFIERS LTD,        89.35,        89.50,        93.00,        89.50,        93.00,                  2057125.00,22500, ,       240.50,        86.00
N,SM,IPHL,INDIAN PHOSPHATE LIMITED,        63.25,        63.20,        67.00,        63.20,        66.90,                  1411140.00,21600, ,        82.50,        42.40
N,SM,INDIFRA,INDIFRA LIMITED,        15.20,        14.90,        14.90,        14.90,        14.90,                    29800.00,2000, ,        28.20,        12.65
N,SM,INFINIUM,INFINIUM PHARMACHEM LTD,       224.90,       218.60,       218.60,       218.55,       218.55,                   218575.00,1000, ,       337.00,       213.90
N,SM,INFLUX,INFLUX HEALTHTECH LIMITED,       228.90,       232.00,       234.70,       227.60,       230.35,                  6364530.00,27600, ,       261.95,       120.00
N,SM,INFOLLION,INFOLLION RESEARCH SER L,       390.00,       390.00,       390.00,       382.00,       382.00,                  1381640.00,3600, ,       575.00,       341.00
N,SM,INNOMET,INNOMET ADVANCED MATERI L,       107.35,       103.60,       103.60,        97.80,        98.50,                  2700060.00,27000, ,       216.00,        88.65
N,SM,INSPIRE,INSPIRE FILMS LIMITED,        10.40,        10.65,        10.85,        10.65,        10.85,                    64700.00,6000, ,        31.00,        10.40
N,SM,IPSL,INTEGRATED PERSO SER LTD,       287.00,       275.00,       275.00,       270.00,       270.00,                  1370500.00,5000, ,       398.00,       240.05
N,SM,INTEGRITY,INTEGRITY INFRABUILD DE L,       132.00,       136.75,       136.75,       136.75,       136.75,                   164100.00,1200, ,       145.10,        81.70
N,SM,INM,INTERIORS & MORE LIMITED,       250.00,       249.00,       250.00,       246.00,       249.70,                  4639170.00,18600, ,       689.00,       218.05
N,SM,INVICTA,INVICTA DIAGNOSTIC LTD,        77.40,        80.60,        85.00,        78.70,        79.45,                  2475840.00,30400, ,       105.00,        75.70
N,SM,ITALIANE,ITALIAN EDIBLES LIMITED,        29.60,        29.00,        29.00,        29.00,        29.00,                   116000.00,4000, ,        45.00,        27.00
N,ST,IWARE,IWARE SUPPLYCHAIN SER LTD,       199.05,       205.00,       209.00,       205.00,       209.00,                  6494460.00,31200, ,       243.90,        70.05
N,SM,JAINIK,JAINIK POWER CABLES LTD,       128.00,       126.00,       127.50,       126.00,       127.50,                   608940.00,4800, ,       153.10,        60.60
N,SM,JAYBEE,JAY BEE LAMINATIONS LTD,       116.60,       116.60,       118.00,       115.50,       118.00,                  1569425.00,13500, ,       377.20,       112.00
N,ST,KORE,JAY JALARAM TECHNO LTD,       158.85,       164.25,       164.25,       164.25,       164.25,                    41062.50,250, ,       370.00,       110.20
N,SM,JAYESH,JAYESH LOGISTICS LIMITED,       164.80,       160.00,       165.80,       159.00,       162.75,                  2581050.00,16000, ,       183.00,       106.35
N,ST,JEYYAM,JEYYAM GLOBAL FOODS LTD,        59.55,        59.55,        59.55,        56.60,        56.60,                  4582300.00,80000, ,        74.50,        31.00
N,SM,JYOTIGLOBL,JYOTI GLOBAL PLAST LTD,        45.30,        44.20,        45.00,        40.05,        42.35,                  4183700.00,98000, ,        77.75,        40.05
N,SM,K2INFRA,K2 INFRAGEN LIMITED,        68.70,        75.55,        75.55,        73.40,        75.55,                 12129450.00,160800, ,       178.00,        52.50
N,SM,KKJEWELS,KABRA JEWELS LIMITED,        90.75,        89.20,        90.50,        89.00,        89.60,                  1886700.00,21000, ,       265.00,        84.00
N,SM,KALANA,KALANA ISPAT LIMITED,        23.70,        23.50,        23.50,        23.50,        23.50,                    47000.00,2000, ,        55.00,        22.80
N,ST,KANDARP,KANDARP DG SMART BPO LTD,       146.45,       146.40,       150.00,       140.40,       147.20,                  5291250.00,37000, ,       150.00,        46.15
N,ST,KARNIKA,KARNIKA INDUSTRIES LTD,       117.55,       118.10,       119.90,       118.10,       119.90,                   356250.00,3000, ,       973.00,       112.25
N,SM,KATARIA,KATARIA INDUSTRIES LTD,       101.75,       101.00,       107.90,       100.85,       102.05,                  1915650.00,18600, ,       160.40,        85.50
N,SM,KLL,KAUSHALYA LOGISTICS LTD,        48.05,        49.50,        57.60,        49.50,        51.40,                  2124960.00,40000, ,       112.00,        40.60
N,SM,KCEIL,KAY CEE ENERGY & INFRA L,       147.85,       149.80,       155.00,       148.00,       153.10,                  4706400.00,31000, ,       408.35,       135.35
N,SM,KAYTEX,KAYTEX FABRICS LIMITED,        73.00,        73.00,        75.60,        73.00,        75.45,                  1065000.00,14400, ,       156.90,        69.50
G,ST,KCK,KCK INDUSTRIES LTD,        25.55,        25.05,        26.00,        25.05,        26.00,                  8781750.00,350000, ,        61.70,        25.05
N,SM,KEN,KEN ENTERPRISES LIMITED,        44.55,        45.55,        45.55,        45.25,        45.40,                   108960.00,2400, ,        85.00,        35.25
N,SM,KHFM,KHFM HOS FAC MANA SER LTD,        64.25,        64.15,        64.15,        58.90,        63.60,                   381145.00,6200, ,       102.80,        54.50
N,SM,KODYTECH,KODY TECHNOLAB LIMITED,       928.50,       930.00,       944.40,       920.00,       930.00,                  6432430.00,6900, ,      1738.95,       556.05
N,SM,KONSTELEC,KONSTELEC ENGINEERS LTD,        51.25,        52.00,        52.00,        47.15,        47.15,                   348650.00,7000, ,       131.85,        42.00
N,SM,KONTOR,KONTOR SPACE LIMITED,        66.00,        68.95,        71.00,        67.30,        67.30,                   580650.00,8400, ,       125.55,        58.00
N,SM,KDL,KORE DIGITAL LIMITED,       178.90,       180.00,       181.90,       175.00,       180.60,                  4208182.50,23550, ,      1912.60,       135.20
N,SM,KOTYARK,KOTYARK INDUSTRIES LTD,       238.45,       239.00,       240.00,       233.00,       234.70,                  1065600.00,4500, ,       964.00,       202.40
N,SM,KRISHCA,KRISHCA STRAPPING SLTN L,       197.75,       198.00,       199.60,       190.30,       198.50,                  1080550.00,5500, ,       316.20,       150.00
N,SM,KEL,KUNDAN EDIFICE LIMITED,       100.00,       101.00,       102.00,       100.00,       100.00,                   727200.00,7200, ,       167.05,        81.00
N,SM,LAKSHYA,LAKSHYA POWERTECH LIMITED,       124.00,       123.00,       126.00,       123.00,       126.00,                   396000.00,3200, ,       343.95,       102.25
N,SM,LAMOSAIC,LAMOSAIC INDIA LIMITED,        35.15,        34.10,        34.90,        34.05,        34.55,                   289530.00,8400, ,       104.00,        33.60
N,SM,LLOYDS,LLOYDS LUXURIES LIMITED,        70.00,        72.00,        72.00,        72.00,        72.00,                   144000.00,2000, ,       125.75,        61.30
N,ST,MVKAGRO,M.V.K. AGRO FOOD PROD LTD,       749.55,       745.00,       750.00,       721.00,       727.05,                 57718005.00,78600, ,       819.00,        32.05
N,SM,MACOBSTECH,MACOBS TECHNOLOGIES LTD,       210.00,       210.00,       210.00,       209.00,       209.00,                   669600.00,3200, ,       246.95,       150.60
N,SM,MADHUSUDAN,MADHUSUDAN MASALA LIMITED,       131.45,       127.55,       131.45,       127.50,       129.50,                   906000.00,7000, ,       226.00,       108.60
N,SM,MAGSON,MAGSON RETAIL AND DIST L,       124.00,       130.20,       130.20,       130.20,       130.20,                   390600.00,3000, ,       166.10,        75.50
N,SM,MRIL,MAHENDRA REALTO & INFRA L,        51.00,        50.00,        52.30,        50.00,        51.95,                   491520.00,9600, ,        82.00,        49.15
N,SM,MAHICKRA,MAHICKRA CHEMICAL LIMITED,       149.95,       149.50,       149.50,       149.50,       149.50,                  1569750.00,10500, ,       180.00,        95.20
N,SM,MAITREYA,MAITREYA MEDICARE LIMITED,       212.60,       208.20,       215.00,       208.20,       215.00,                   336560.00,1600, ,       360.00,       192.10
N,SM,MPEL,MANAS POLYMER N ENERGIE L,        90.00,        89.00,        90.00,        89.00,        90.00,                  3166240.00,35200, ,       153.90,        86.00
N,ST,MANAV,MANAV INFRA PROJECTS LTD,        28.60,        27.20,        30.00,        27.20,        30.00,                   588400.00,20000, ,        31.70,        10.50
N,SM,MANDEEP,MANDEEP AUTO INDUSTRIES L,        23.60,        23.60,        23.60,        23.60,        23.60,                    47200.00,2000, ,        36.15,        17.80
N,SM,MAL,MANGALAM ALLOYS LIMITED,        49.80,        49.80,        49.85,        47.50,        47.50,                   470800.00,9600, ,        80.20,        26.25
N,SM,MIEL,MANGLAM INFRA & ENG LTD,        20.70,        20.70,        21.40,        20.70,        20.75,                   125700.00,6000, ,        44.30,        19.05
N,ST,MARC,MARC TECHNOCRATS LIMITED,        56.10,        53.30,        54.85,        53.30,        53.30,                 14732100.00,276000, ,        74.40,        53.30
N,SM,MARCO,MARCO CABLE & CONDUCTOR L,        38.00,        38.00,        38.75,        38.00,        38.75,                   172125.00,4500, ,        68.25,        33.10
N,ST,MARINETRAN,MARINETRANS INDIA LIMITED,        23.20,        22.05,        22.05,        22.05,        22.05,                    88200.00,4000, ,        28.20,        13.30
N,SM,MASON,MASON INFRATECH LIMITED,       193.00,       190.05,       192.00,       190.05,       191.90,                  2578400.00,13500, ,       220.00,        73.50
N,SM,MGSL,MATRIX GEO SOLUTIONS LTD,       105.45,       109.30,       110.00,       106.75,       106.75,                   391260.00,3600, ,       120.00,        73.55
N,SM,MAXPOSURE,MAXPOSURE LIMITED,        44.55,        44.50,        45.50,        44.50,        44.75,                   179300.00,4000, ,       102.95,        44.45
N,ST,MAXVOLT,MAXVOLT ENERGY INDUS L,       491.95,       493.00,       493.00,       467.40,       484.00,                  6060640.00,12800, ,       509.00,       145.05
N,ST,MAYASHEEL,MAYASHEEL VENTURES LTD,        62.60,        63.00,        64.00,        63.00,        64.00,                  3039000.00,48000, ,        85.00,        46.00
N,ST,MCON,MCON RASAYAN INDIA LTD,        60.45,        59.10,        63.40,        59.10,        63.40,                   184400.00,3000, ,       220.75,        53.40
N,SM,MEDIORG,MEDICAMEN ORGANICS LTD,        25.20,        26.45,        26.45,        26.45,        26.45,                   211600.00,8000, ,        57.10,        19.60
N,SM,MEDISTEP,MEDISTEP HEALTHCARE LTD,        24.55,        24.95,        24.95,        24.50,        24.95,                   298050.00,12000, ,        53.00,        22.30
N,ST,MEGAFLEX,MEGA FLEX PLASTICS LTD,       121.20,       127.15,       127.25,       127.15,       127.20,                   763200.00,6000, ,       127.55,        40.00
N,SM,MEGATHERM,MEGATHERM INDUCTION LTD,       225.65,       225.00,       230.00,       225.00,       229.50,                  1913860.00,8400, ,       380.00,       212.00
N,SM,MICROPRO,MICROPRO SOFTWARE SOL L,        20.00,        19.50,        19.50,        19.50,        19.50,                    31200.00,1600, ,        34.45,        17.85
N,SM,MHHL,MOHINI HEALTH&HYGIENE LTD,        37.50,        38.00,        38.00,        38.00,        38.00,                    57000.00,1500, ,        86.90,        37.50
N,SM,MONOLITH,MONOLITHISCH INDIA LTD,       499.50,       493.15,       507.65,       493.15,       503.50,                  2892937.50,5750, ,       607.40,       219.45
N,SM,MOS,MOS UTILITY LIMITED,        22.90,        23.15,        23.70,        22.70,        23.45,                 27319600.00,1168000, ,       321.00,        21.00
N,ST,MOXSH,MOXSH OVERSEAS EDUCON LTD,        84.40,        80.60,        81.00,        80.60,        81.00,                  8032960.00,99200, ,       101.15,        25.50
N,SM,MUNISH,MUNISH FORGE LIMITED,       103.00,       104.00,       107.85,       101.95,       103.65,                  9409740.00,88800, ,       143.00,        95.50
N,SM,MYMUDRA,MY MUDRA FINCORP LIMITED,        91.25,        93.00,        94.00,        91.05,        91.05,                   669000.00,7200, ,       119.10,        51.60
N,ST,NRVANDANA,N R VANDANA TEX IND LTD,        55.65,        55.50,        57.00,        53.00,        57.00,                  3333150.00,60000, ,        72.90,        37.05
N,SM,NAMOEWASTE,NAMO EWASTE MANAGEMENT L,       181.60,       181.70,       188.30,       181.70,       184.05,                  2966280.00,16000, ,       229.90,       127.00
N,SM,NEELAM,NEELAM LINENS & GAR (I) L,        14.00,        14.00,        14.00,        14.00,        14.00,                    84000.00,6000, ,        59.95,        11.80
N,SM,NEOCHEM,NEOCHEM BIO SOLUTIONS LTD,        85.50,        88.80,        88.95,        84.25,        84.45,                  3485580.00,40800, ,       113.40,        84.25
N,ST,NEPHROCARE,NEPHRO CARE INDIA LIMITED,       110.25,       113.45,       115.00,       112.00,       112.30,                  1221200.00,10800, ,       206.85,        99.95
N,SM,NEPTUNE,NEPTUNE PETROCHEMICALS L,       201.95,       196.55,       204.30,       196.50,       199.50,                  4193600.00,21000, ,       239.00,       126.30
N,ST,CBAZAAR,NET AVENUE TECHNOLOGIES L,         3.80,         3.95,         3.95,         3.95,         3.95,                    63200.00,16000, ,        13.25,         3.05
N,SM,NEWJAISA,NEWJAISA TECHNOLOGIES LTD,        27.95,        27.40,        27.40,        27.40,        27.40,                    41100.00,1500, ,        89.00,        25.55
N,SM,NMSTEEL,NEWMALAYALAM STEEL LTD,        31.05,        29.00,        30.05,        29.00,        30.05,                   190480.00,6400, ,        81.25,        23.35
N,SM,NIDAN,NIDAN LABS AND HEALTH LTD,        18.60,        18.60,        18.90,        18.60,        18.85,                   131250.00,7000, ,        29.45,        16.05
N,SM,NIRMAN,NIRMAN AGRI GENTICS LTD,        61.00,        61.00,        62.45,        60.55,        61.30,                   880770.00,14400, ,       456.00,        51.50
N,SM,OBSCP,OBSC PERFECTION LIMITED,       307.85,       313.20,       313.95,       300.00,       304.85,                 11004080.00,36000, ,       360.00,       144.90
N,SM,ONDOOR,ON DOOR CONCEPTS LIMITED,       115.00,       115.15,       117.15,       113.00,       117.15,                   346890.00,3000, ,       321.10,       108.00
N,SM,OLIL,ONECLICK LOGISTICS IND L,       303.90,       303.90,       310.00,       300.90,       305.70,                 14938900.00,48800, ,       355.00,        98.15
N,SM,ONYX,ONYX BIOTEC LIMITED,        40.05,        38.20,        38.20,        38.20,        38.20,                    76400.00,2000, ,        97.45,        28.10
N,SM,OPTIVALUE,OPTIVALUE TEK CONSULT LTD,        87.95,        88.00,        88.50,        81.60,        81.95,                  2904160.00,33600, ,       107.55,        67.95
N,SM,ORIANA,ORIANA POWER LIMITED,      2250.20,      2255.00,      2287.80,      2240.10,      2251.75,                 48103350.00,21300, ,      3064.00,      1000.00
N,ST,OSELDEVICE,OSEL DEVICES LIMITED,       555.50,       559.90,       564.00,       543.00,       550.40,                  4858340.00,8800, ,       835.00,       186.25
N,SM,OWAIS,OWAIS METAL & MINERAL,       270.60,       277.00,       277.05,       249.90,       256.05,                 11181670.00,43000, ,      1224.00,       249.90
N,SM,PROPEQUITY,P. E. ANALYTICS LIMITED,       182.00,       180.20,       180.20,       180.00,       180.00,                   324210.00,1800, ,       299.90,       156.60
N,SM,PARAGON,PARAGON FINE S.C. LTD.,        41.00,        41.00,        42.00,        40.50,        41.85,                   248700.00,6000, ,       100.05,        38.00
N,SM,PARAMOUNT,PARAMOUNT DYE TEC LIMITED,        51.90,        51.90,        51.90,        49.45,        49.45,                   183900.00,3600, ,        90.00,        44.55
N,SM,PSFL,PARAMOUNT SPECIALI FORG L,        28.50,        28.40,        28.95,        28.40,        28.80,                   575300.00,20000, ,        78.00,        28.00
N,ST,PARIN,PARIN ENTERPRISES LIMITED,       594.00,       595.00,       595.00,       565.35,       587.20,                  4397312.50,7500, ,       610.00,       311.65
N,SM,PARTH,PARTH ELEC & ENG LTD,       210.95,       205.00,       207.00,       205.00,       206.50,                  1153920.00,5600, ,       306.40,       169.00
N,SM,PARTYCRUS,PARTY CRUISERS LIMITED,        91.00,        91.00,        91.20,        90.45,        91.10,                   727050.00,8000, ,       140.00,        63.05
N,SM,PATILAUTOM,PATIL AUTOMATION LIMITED,       178.95,       180.00,       186.00,       177.00,       179.00,                  5469360.00,30000, ,       268.90,       153.90
N,SM,PELATRO,PELATRO LIMITED,       349.90,       355.00,       359.50,       352.00,       355.00,                  1806165.00,5100, ,       559.90,       283.20
N,ST,PENTAGON,PENTAGON RUBBER LIMITED,        66.50,        68.95,        69.80,        68.95,        69.80,                   347350.00,5000, ,        99.50,        50.55
N,SM,PCCL,PETRO CARBON AND CHEMI L,       207.70,       202.10,       218.00,       202.00,       214.35,                  3233160.00,15200, ,       228.00,       150.00
N,SM,PHANTOMFX,PHANTOM DIGITAL EFF LTD,       241.00,       239.00,       244.95,       235.50,       238.95,                  4805265.00,20100, ,       327.95,       165.00
N,SM,PHOGLOBAL,PHOENIX OVERSEAS LIMITED,        23.15,        24.50,        24.50,        23.00,        23.95,                  1618000.00,68000, ,        30.00,        16.75
N,SM,PPSL,PICTUREPOST STUDIOS LTD,        10.40,        10.40,        10.45,        10.40,        10.45,                    62550.00,6000, ,        45.60,         9.00
N,ST,POLYSIL,POLYSIL IRRIGATION SYST L,       297.50,       291.00,       299.75,       283.10,       284.45,                  8051175.00,28000, ,       356.75,        14.25
N,SM,POSITRON,POSITRON ENERGY LIMITED,       209.00,       209.00,       215.60,       208.00,       211.80,                  1716075.00,8100, ,       420.00,       202.55
N,SM,PRAMARA,PRAMARA PROMOTIONS LTD,       349.50,       353.55,       353.55,       346.00,       346.90,                 15155125.00,43500, ,       362.95,       101.05
N,SM,PRANIK,PRANIK LOGISTICS LIMITED,        55.50,        59.90,        63.05,        59.90,        61.35,                   488000.00,8000, ,       112.95,        48.10
N,SM,PRATHAM,PRATHAM EPC PROJECTS LTD,       149.90,       150.00,       150.00,       148.00,       148.00,                   595100.00,4000, ,       242.30,       133.00
N,SM,PRECISION,PRECISION METALIKS LTD,        11.60,        11.60,        11.60,        11.60,        11.60,                    69600.00,6000, ,        44.50,        11.60
N,SM,PREMIUM,PREMIUM PLAST LIMITED,        38.50,        38.40,        40.00,        38.40,        39.50,                   697800.00,18000, ,        47.95,        26.05
N,SM,PRESSTONIC,PRESSTONIC ENGINEERING L,        60.50,        60.00,        62.00,        59.30,        60.65,                   145040.00,2400, ,       143.00,        56.00
N,SM,PRIMECAB,PRIME CABLE INDUSTRIES L,        82.30,        83.15,        83.95,        80.00,        80.90,                  4180080.00,51200, ,       123.65,        70.70
N,SM,PRITIKA,PRITIKA ENG COMPO LTD,        81.50,        82.00,        84.00,        78.00,        78.00,                   800000.00,10000, ,       208.50,        66.50
N,SM,PRIZOR,PRIZOR VIZTECH LIMITED,       300.50,       300.00,       300.05,       292.50,       294.65,                  2259680.00,7600, ,       362.00,       105.10
N,SM,PROFX,PRO FX TECH LIMITED,        74.20,        75.00,        75.00,        75.00,        75.00,                   360000.00,4800, ,       136.90,        56.90
N,SM,PROLIFE,PROLIFE INDUSTRIES LTD,        73.15,        71.00,        71.65,        69.50,        70.25,                   663650.00,9500, ,       361.00,        69.50
N,SM,PULZ,PULZ ELECTRONICS LIMITED,        32.40,        32.35,        32.35,        30.50,        31.95,                  1405000.00,44000, ,        74.40,        28.25
N,SM,PURPLEUTED,PURPLE UNITED SALES LTD,       412.90,       413.00,       417.95,       394.00,       396.45,                  7201100.00,18000, ,       587.95,       119.55
N,SM,PURVFLEXI,PURV FLEXIPACK LIMITED,        74.10,        74.10,        78.00,        74.10,        76.90,                  1104440.00,14400, ,       190.00,        69.00
N,SM,PUSHPA,PUSHPA JEWELLERS LIMITED,       100.20,       103.35,       103.35,       101.00,       102.50,                  1942750.00,19000, ,       148.75,        91.00
N,SM,QFIL,QUALITY FOILS (INDIA) LTD,        63.15,        62.00,        62.00,        60.10,        60.85,                   425850.00,7000, ,       101.80,        56.00
N,SM,QUESTLAB,QUEST LABORATORIES LTD,       111.00,       108.00,       111.00,       108.00,       109.00,                  1972080.00,18000, ,       160.00,        75.15
N,SM,QUICKTOUCH,QUICKTOUCH TECHNOLOGIES L,        40.30,        40.40,        41.85,        40.00,        41.75,                   651700.00,16000, ,        98.45,        27.15
N,SM,RILINFRA,RACHANA INFRA LTD,        36.85,        37.70,        37.70,        36.60,        37.20,                   852695.00,23000, ,        53.90,        25.55
N,SM,RADIOWALLA,RADIOWALLA NETWORK LTD,        60.45,        60.50,        63.00,        60.50,        63.00,                   397600.00,6400, ,       114.00,        50.00
N,SM,RCDL,RAJGOR CASTOR DERIVATI L,        21.10,        20.10,        20.10,        20.00,        20.00,                   300750.00,15000, ,        30.85,        16.55
N,SM,RAJPUTANA,RAJPUTANA BIODIESEL LTD,       242.95,       240.10,       240.10,       240.10,       240.10,                   240100.00,1000, ,       383.85,       173.15
N,SM,RAJINDLTD,RAJPUTANA INDUSTRIES LTD,        84.50,        84.50,        85.50,        84.40,        85.25,                  1783950.00,21000, ,       101.90,        70.05
N,SM,RBS,RAMDEVBABA SOLVENT LTD,        95.00,        95.10,        95.10,        94.50,        95.00,                   531200.00,5600, ,       147.00,        90.00
N,SM,RAPIDFLEET,RAPID FLEET MGT SERVICE L,       183.00,       190.00,       192.00,       190.00,       190.00,                   457200.00,2400, ,       229.00,       171.00
N,SM,RAPPID,RAPPID VALVES (INDIA) LTD,       300.00,       300.00,       300.00,       300.00,       300.00,                   720000.00,2400, ,       384.90,       215.20
N,SM,RBMINFRA,RBM INFRACON LIMITED,       415.75,       412.50,       435.00,       410.05,       434.25,                  4991710.00,11600, ,       782.25,       249.85
N,SM,READYMIX,READYMIX CONSTRU MACHI L,       116.00,       116.00,       116.00,       116.00,       116.00,                   232000.00,2000, ,       175.00,        55.20
N,SM,REFRACTORY,REFRACTORY SHAPES LIMITED,        55.10,        51.70,        59.00,        51.70,        56.00,                  1454100.00,27000, ,        99.40,        39.00
N,SM,REMUS,REMUS PHARMACEUTICALS L,       693.35,       689.90,       798.00,       689.90,       768.90,                 29780510.00,41400, ,      2577.00,       611.05
N,ST,RNPL,RENOL POLYCHEM LIMITED,       145.00,       144.50,       144.80,       141.00,       144.80,                   686760.00,4800, ,       156.00,        69.00
N,SM,REXPIPES,REX PIPES AND CABLES LTD,       150.05,       142.60,       151.00,       142.60,       151.00,                   436200.00,3000, ,       171.00,        57.00
N,SM,REXPRO,REXPRO ENTERPRISES LTD,        57.50,        55.55,        56.95,        55.55,        56.90,                   953750.00,17000, ,       120.00,        41.60
N,SM,RITEZONE,RITE ZONE CHEMCON IND LTD,        22.40,        22.40,        22.40,        22.40,        22.40,                    35840.00,1600, ,        47.55,        19.85
N,SM,RNFI,RNFI SERVICES LIMITED,       316.45,       322.95,       322.95,       311.30,       312.30,                  5848950.00,18600, ,       404.00,       148.10
N,ST,ROCKINGDCE,ROCKINGDEALS CIRCU ECO L,       233.65,       230.50,       233.65,       222.00,       222.35,                  1234075.00,5500, ,       650.00,       160.55
N,SM,ROXHITECH,ROX HI TECH LIMITED,        43.50,        43.50,        43.50,        43.00,        43.40,                  1385360.00,32000, ,       100.80,        35.05
N,SM,RULKA,RULKA ELECTRICALS LIMITED,       109.75,       109.20,       109.50,       106.50,       106.50,                   259425.00,2400, ,       302.35,       100.35
N,ST,SATECH,S A TECH SOFTWARE INDIA L,        55.10,        57.30,        57.85,        56.00,        56.00,                   863500.00,15000, ,       131.00,        31.80
N,SM,SDREAMS,S D RETAIL LIMITED,        81.70,        82.00,        82.00,        82.00,        82.00,                  1640000.00,20000, ,       181.95,        73.00
N,SM,SJLOGISTIC,S J LOGISTICS (INDIA) LTD,       366.30,       364.75,       374.85,       360.15,       370.20,                 10565087.50,28750, ,       685.00,       301.05
N,SM,SAAKSHI,SAAKSHI MEDTEC N PANELS L,       181.75,       182.35,       183.10,       178.05,       179.10,                  3052770.00,16800, ,       225.80,       118.00
N,ST,SABAR,SABAR FLEX INDIA LIMITED,         4.60,         4.60,         4.60,         4.60,         4.60,                    23000.00,5000, ,        15.00,         3.80
N,ST,SACHEEROME,SACHEEROME LIMITED,       396.25,       395.00,       400.00,       376.45,       376.45,                 12196440.00,31800, ,       428.55,       140.50
N,SM,SADHAV,SADHAV SHIPPING LIMITED,       104.00,       107.00,       113.00,       104.80,       110.80,                  8526390.00,77400, ,       164.00,        76.95
N,SM,SAFEENTP,SAFE ENTER RETAIL FIX LTD,       260.00,       261.00,       265.00,       261.00,       263.90,                  2762250.00,10500, ,       319.00,       151.00
N,SM,SAHAJSOLAR,SAHAJ SOLAR LIMITED,       170.30,       172.45,       180.00,       171.00,       176.85,                  3520000.00,20000, ,       575.00,       138.15
N,SM,SAHANA,SAHANA SYSTEM LIMITED,       826.00,       828.00,       845.00,       815.00,       838.90,                  9516706.25,11500, ,      2060.00,       815.00
N,SM,SAHASRA,SAHASRA ELECTRONIC SOLU L,       298.20,       300.00,       304.95,       298.00,       299.25,                  7569780.00,25200, ,       618.00,       227.50
N,SM,SAJHOTELS,SAJ HOTELS LIMITED,        58.00,        55.50,        57.95,        55.00,        57.00,                  1345000.00,24000, ,        86.50,        46.00
N,ST,SAMAY,SAMAY PROJECT SERVICES L,        45.10,        44.00,        44.50,        43.70,        43.70,                  1055000.00,24000, ,        51.30,        28.80
N,SM,SAIFL,SAMEERA AGRO AND INFRA L,        13.30,        12.90,        13.00,        12.90,        12.90,                   155200.00,12000, ,       111.90,        10.50
N,SM,SANGANI,SANGANI HOSPITALS LIMITED,        53.95,        53.85,        53.85,        53.85,        53.85,                    80775.00,1500, ,        77.00,        48.50
N,SM,SARTELE,SAR TELEVENTURE LIMITED,       256.00,       258.90,       259.50,       245.00,       250.95,                147193925.00,586500, ,       302.95,       162.00
N,SM,SATKARTAR,SAT KARTAR SHOPPING LTD,       142.45,       143.05,       149.00,       143.05,       148.65,                  1536480.00,10400, ,       241.95,       130.20
N,SM,SSEGL,SATHLOKHAR SYN E&C GLOB L,       461.50,       461.50,       467.15,       453.50,       459.30,                  9614590.00,21000, ,       580.00,       362.00
N,SM,SATIPOLY,SATI POLY PLAST LIMITED,        61.95,        61.00,        63.00,        60.30,        62.85,                   246550.00,4000, ,       204.00,        58.00
N,SM,SATTVAENGG,SATTVA ENGINEERING CSTN L,        64.00,        62.10,        62.10,        62.10,        62.10,                    99360.00,1600, ,       118.90,        60.30
N,SM,SAVY,SAVY INFRA AND LOGI LTD,       161.25,       167.50,       167.50,       160.05,       161.25,                  3136500.00,19200, ,       191.00,       121.00
N,SM,SAWALIYA,SAWALIYA FOOD PRODUCTS L,       316.75,       316.15,       320.50,       315.60,       318.85,                 80257530.00,252600, ,       322.80,       208.00
N,SM,SELLOWRAP,SELLOWRAP INDUSTRIES LTD,        77.95,        77.05,        79.80,        77.00,        79.80,                   997280.00,12800, ,       139.65,        70.00
N,SM,SERVICE,SERVICE CARE LIMITED,        44.05,        47.00,        47.00,        46.50,        46.75,                   561000.00,12000, ,        83.20,        39.20
N,ST,SCML,SHARP CHUCKS N MACHINES L,       143.50,       147.00,       147.00,       139.00,       144.00,                   430000.00,3000, ,       159.50,        68.05
N,SM,SHEEL,SHEEL BIOTECH LIMITED,        71.00,        72.00,        72.00,        72.00,        72.00,                  1440000.00,20000, ,        95.55,        68.25
N,SM,SHEETAL,SHEETAL UNIVERSAL LIMITED,       165.85,       165.00,       167.50,       163.00,       164.15,                  3452200.00,21000, ,       167.70,        60.20
N,SM,SHERA,SHERA ENERGY LIMITED,       130.05,       131.00,       135.40,       131.00,       134.85,                  3743850.00,28000, ,       214.00,       117.80
N,SM,SHIGAN,SHIGAN QUANTUM TECH LTD,        46.00,        47.50,        47.50,        47.50,        47.50,                    71250.00,1500, ,       129.00,        41.20
N,SM,SPCL,SHIVALIC POWER CONTROL L,        99.60,       103.30,       118.95,       101.05,       112.25,                 20094990.00,183600, ,       247.50,        71.00
N,SM,SHIVASHRIT,SHIVASHRIT FOODS LIMITED,       129.00,       132.00,       134.45,       126.15,       127.00,                   780600.00,6000, ,       148.50,       118.00
N,SM,SHREEKARNI,SHREE KARNI FABCOM LTD,       495.00,       495.00,       495.00,       475.00,       484.00,                   939180.00,1950, ,       852.90,       470.00
N,SM,SHREEOSFM,SHREE OSFM E-MOBILITY LTD,        78.25,        80.00,        87.00,        80.00,        85.00,                  1759650.00,21000, ,       145.35,        73.00
N,ST,TIRUPATI,SHREE TIRUPATI BALAJEE,       714.00,       698.00,       698.00,       698.00,       698.00,                  2006750.00,2875, ,       997.00,       452.95
N,SM,SHETHJI,SHREEJI GLOBAL FMCG LTD,       114.20,       117.95,       123.30,       117.90,       119.35,                 10266800.00,85000, ,       123.65,        95.50
N,SM,SHRIAHIMSA,SHRI AHIMSA NATURALS LTD,       238.40,       240.00,       249.65,       235.00,       240.45,                  9761910.00,40200, ,       280.10,       126.50
N,SM,SHRIKANHA,SHRI KANHA STAINLESS LTD,        28.15,        28.50,        28.50,        26.75,        26.75,                  3926960.00,145600, ,        88.00,        26.05
N,ST,SHUBHLAXMI,SHUBHLAXMI JEWEL ART LTD,        35.80,        36.75,        37.55,        36.70,        37.50,                  2264600.00,61000, ,        40.00,        13.35
N,SM,SHUBHSHREE,SHUBHSHREE BIOFUELS ENE L,       395.00,       390.00,       390.00,       378.00,       379.00,                   458100.00,1200, ,       494.95,       268.70
N,ST,SHYAMDHANI,SHYAM DHANI INDUSTRIES L,       126.10,       119.80,       130.70,       119.80,       126.75,                141511200.00,1166000, ,       139.65,       119.80
N,SM,SIDDHICOTS,SIDDHI COTSPIN LIMITED,        30.40,        29.30,        30.80,        29.30,        30.20,                   687780.00,22800, ,        86.40,        27.15
N,SM,SIDDHIKA,SIDDHIKA COATINGS LIMITED,       198.15,       198.50,       208.00,       198.15,       208.00,                  1013650.00,5000, ,       243.00,       154.05
N,SM,SIGNORIA,SIGNORIA CREATION LIMITED,        90.70,        95.00,        95.00,        95.00,        95.00,                    95000.00,1000, ,       135.60,        60.00
N,SM,SILKY,SILKY OVERSEAS LIMITED,       144.90,       144.40,       144.40,       144.40,       144.40,                  1039680.00,7200, ,       171.00,       103.00
N,SM,SMARTEN,SMARTEN POWER SYSTEMS LTD,        74.85,        76.00,        78.00,        76.00,        77.85,                   833340.00,10800, ,       157.95,        62.00
N,SM,SNEHAA,SNEHAA ORGANICS LIMITED,        70.60,        69.15,        69.15,        59.65,        60.35,                  9117250.00,149000, ,       122.00,        59.65
N,SM,BALCO,SOLVE PLASTIC PRODUCTS L,        25.95,        25.95,        25.95,        25.95,        25.95,                    31140.00,1200, ,        47.65,        23.75
N,SM,SONAMAC,SONA MACHINERY LIMITED,        47.45,        47.25,        47.25,        46.30,        46.50,                   279500.00,6000, ,       127.50,        44.95
N,SM,SONUINFRA,SONU INFRATECH LIMITED,        72.00,        73.95,        79.20,        73.90,        79.20,                  1949475.00,25500, ,       145.00,        69.25
N,SM,SPEB,SPEB ADHESIVES LIMITED,        51.80,        51.80,        51.80,        50.55,        50.55,                   308300.00,6000, ,        60.00,        46.55
N,SM,SPECTSTM,SPECTRUM TALENT MGMT LTD,        93.60,        90.15,        95.70,        90.15,        95.70,                   148680.00,1600, ,       204.00,        70.25
N,SM,SPPPOLY,SPP POLYMER LIMITED,        15.70,        15.70,        15.70,        15.70,        15.70,                    62800.00,4000, ,        34.45,        13.25
N,SM,SPUNWEB,SPUNWEB NONWOVEN LIMITED,       142.85,       136.40,       136.40,       136.40,       136.40,                   163680.00,1200, ,       173.55,       130.50
N,SM,SSFL,SRIVARI SPICES N FOODS L,       130.20,       130.00,       130.00,       127.10,       129.85,                  1476275.00,11500, ,       229.00,       124.00
N,SM,SRIVASAVI,SRIVASAVI ADHESIVE TAPE L,        49.80,        51.90,        56.70,        50.00,        50.25,                  2447200.00,47000, ,       105.80,        40.50
N,SM,STUDIOLSD,STUDIO LSD LIMITED,        13.10,        13.30,        13.30,        13.05,        13.20,                   316000.00,24000, ,        43.20,        13.00
N,SM,SUBAHOTELS,SUBA HOTELS LIMITED,       143.95,       140.35,       141.90,       140.00,       140.75,                  4564020.00,32400, ,       200.00,       132.00
N,ST,SOCL,SUNDREX OIL COMPANY LTD,        59.05,        56.10,        56.10,        56.10,        56.10,                    89760.00,1600, ,        68.80,        56.10
N,SM,SEL,SUNGARNER ENERGIES LTD,       210.00,       206.20,       210.00,       203.60,       206.60,                   494900.00,2400, ,       601.95,       181.10
N,ST,SUNLITE,SUNLITE RECYCLING IND LTD,       325.35,       325.35,       341.60,       325.35,       340.25,                 26522640.00,78000, ,       341.60,        91.00
N,SM,SUNTECH,SUNTECH INFRA SOLUTIONS L,        41.20,        41.80,        42.85,        41.80,        42.65,                   271440.00,6400, ,       110.00,        37.30
N,SM,SFML,SUPREME FACILITY MGMT LTD,        31.45,        29.60,        31.70,        29.60,        31.70,                   197600.00,6400, ,        65.90,        27.40
N,SM,SUPREMEPWR,SUPREME POWER EQUIPMENT L,       189.50,       190.05,       195.00,       190.00,       191.70,                  3262725.00,17000, ,       248.75,       100.00
N,SM,SURANI,SURANI STEEL TUBES LTD.,        59.95,        59.95,        59.95,        57.55,        57.80,                   177710.00,3000, ,       199.40,        56.50
N,ST,SWARAJ,SWARAJ SUITING LIMITED,       241.35,       242.00,       245.50,       241.05,       243.70,                  4143200.00,17000, ,       287.45,       138.50
N,SM,SWASTIK,SWASTIK PIPE LIMITED,        23.00,        23.85,        24.75,        23.25,        24.65,                   372900.00,15600, ,        64.90,        22.00
N,SM,SYLVANPLY,SYLVAN PLYBOARD (INDIA) L,        59.40,        59.65,        62.00,        59.65,        62.00,                   243300.00,4000, ,        95.00,        55.00
N,SM,SYNOPTICS,SYNOPTICS TECHNOLOGIES L,        56.65,        56.65,        56.65,        56.65,        56.65,                    33990.00,600, ,       129.80,        51.50
N,ST,SYSTANGO,SYSTANGO TECHNOLOGIES LTD,       320.45,       329.90,       336.00,       308.00,       319.00,                 14458100.00,44800, ,       411.00,       192.25
N,SM,TAC,TAC INFOSEC LIMITED,       760.45,       760.00,       766.75,       752.15,       758.30,                 14290460.00,18800, ,      1697.00,       676.00
N,ST,TANKUP,TANKUP ENGINEERS LIMITED,       730.00,       727.85,       766.50,       700.05,       710.00,                  3243225.00,4500, ,       817.60,       152.55
N,SM,TAPIFRUIT,TAPI FRUIT PROCESSING LTD,        72.00,        72.00,        72.00,        68.30,        68.30,                   265762.50,3750, ,       121.80,        60.65
N,ST,TAURIAN,TAURIAN MPS LIMITED,       241.00,       241.00,       253.05,       240.00,       251.00,                  8022120.00,32000, ,       425.00,       193.90
N,SM,TBI,TBI CORN LIMITED,        87.05,        88.25,        91.25,        88.05,        90.85,                  2876910.00,31800, ,       193.60,        75.20
G,ST,TECHD,TECHD CYBERSECURITY LTD,       621.10,       625.95,       625.95,       609.00,       609.00,                 27880320.00,45000, ,       843.60,       366.70
N,ST,TECHERA,TECHERA ENGINEER (IND) L,       212.40,       212.10,       214.90,       206.45,       209.75,                 18046800.00,85600, ,       325.70,       115.60
G,ST,TGL,TEERTH GOPICON LIMITED,        76.65,        78.15,        78.15,        78.15,        78.15,                  2891550.00,37000, ,       618.00,        38.50
N,SM,TEJASCARGO,TEJAS CARGO INDIA LIMITED,       300.00,       300.00,       300.25,       300.00,       300.05,                  2880600.00,9600, ,       363.60,       141.05
N,SM,TCL,THAAI CASTING LIMITED,       100.55,        99.30,       100.00,        97.00,        99.95,                  1653840.00,16800, ,       150.70,        77.15
N,SM,THESL,THINKING HATS ENTER SOL L,        27.30,        27.30,        27.30,        27.30,        27.30,                    81900.00,3000, ,        50.90,        24.65
N,SM,TIMESCAN,TIMESCAN LOGISTICS IND L,        48.60,        47.55,        49.90,        47.55,        49.90,                   389800.00,8000, ,        71.30,        38.40
N,SM,TRANSTEEL,TRANSTEEL SEATING TECH L,       147.85,       146.15,       147.00,       141.00,       142.35,                 12877400.00,89000, ,       167.95,        85.00
N,SM,TECHLABS,TRIDENT TECHLABS LIMITED,       326.20,       326.20,       326.45,       315.00,       322.35,                  2800856.25,8750, ,      1670.00,       295.00
N,SM,TRIDHYA,TRIDHYA TECH LIMITED,        15.10,        14.60,        14.60,        14.55,        14.55,                    87450.00,6000, ,        39.80,        14.00
N,SM,TROM,TROM INDUSTRIES LIMITED,        72.50,        71.85,        72.35,        71.85,        72.15,                   259740.00,3600, ,       263.95,        67.90
N,ST,TRUST,TRUST FINTECH LIMITED,        48.10,        48.10,        49.00,        47.00,        49.00,                   742260.00,15600, ,       173.50,        42.70
N,SM,TSC,TSC INDIA LIMITED,        49.00,        49.00,        49.00,        48.95,        49.00,                   783900.00,16000, ,        79.30,        45.25
N,SM,TUNWAL,TUNWAL E-MOTORS LIMITED,        38.10,        38.00,        38.05,        35.90,        36.05,                  5061900.00,138000, ,        50.75,        27.25
N,SM,UMA,UMA CONVERTER LIMITED,        20.00,        19.65,        19.65,        19.65,        19.65,                    78600.00,4000, ,        45.05,        19.00
N,ST,UNIHEALTH,UNIHEALTH HOSPITALS LTD,       307.00,       307.00,       314.00,       307.00,       311.60,                  9357150.00,30000, ,       390.60,       120.00
N,SM,UNILEX,UNILEX COLOURS AND CHEM L,        37.00,        37.95,        39.00,        37.95,        39.00,                   183920.00,4800, ,        89.00,        30.70
N,SM,UHTL,UNITED HEAT TRANSFER LTD,        56.50,        56.75,        56.75,        54.70,        55.10,                  4109700.00,74000, ,       104.35,        51.50
N,SM,USASEEDS,UPSURGE SEEDS OF AGRI LTD,       151.05,       151.05,       151.05,       144.00,       151.00,                   190909.40,1284, ,       314.40,       130.70
N,SM,URBAN,URBAN ENVIRO WASTE MGMT L,       149.10,       149.50,       153.00,       148.20,       152.45,                  2182680.00,14400, ,       693.65,       136.05
N,SM,USHAFIN,USHA FINANCIAL SERVICES L,        42.05,        42.05,        42.05,        42.05,        42.05,                    67280.00,1600, ,       132.90,        34.10
N,SM,UTSSAV,UTSSAV CZ GOLD JEWELS LTD,       222.90,       224.00,       226.00,       221.00,       225.00,                  3892230.00,17400, ,       297.00,       145.05
N,SM,VMARCIND,V MARC INDIA LIMITED,       674.70,       687.00,       689.55,       655.00,       672.10,                 25310287.50,37750, ,       805.00,       200.30
N,SM,VLINFRA,V.L.INFRAPROJECTS LIMITED,        31.40,        32.00,        32.00,        30.75,        31.50,                   378075.00,12000, ,        63.45,        22.15
N,SM,MADHAVBAUG,VAIDYA SANE AYUR LAB LTD,       286.00,       286.00,       287.95,       271.45,       284.00,                   903780.00,3200, ,       335.00,        81.10
N,SM,DENTALKART,VASA DENTICITY LIMITED,       579.00,       566.20,       567.05,       556.00,       559.55,                  7149962.50,12750, ,       759.00,       533.00
N,SM,VASA,VASA RETAIL & OVERSEA LTD,         5.00,         5.00,         5.00,         5.00,         5.00,                    20000.00,4000, ,         6.70,         3.50
N,SM,VELS,VELS FILM INTERNATIONAL L,        55.50,        58.00,        58.00,        58.00,        58.00,                   139200.00,2400, ,        94.50,        35.15
N,SM,VIGOR,VIGOR PLAST INDIA LIMITED,        73.00,        72.00,        72.00,        71.25,        71.55,                   687200.00,9600, ,        98.00,        69.95
N,SM,VIJAYPD,VIJAYPD CEUTICAL LIMITED,        42.30,        42.30,        42.30,        42.30,        42.30,                   507600.00,12000, ,        55.50,        35.00
N,SM,VILAS,VILAS TRANSCORE LIMITED,       405.80,       408.00,       412.00,       402.00,       403.60,                  3963437.50,9750, ,       673.70,       291.00
N,SM,VILINBIO,VILIN BIO MED LIMITED,        19.95,        20.90,        20.90,        20.90,        20.90,                    83600.00,4000, ,        32.50,        16.50
N,SM,VINSYS,VINSYS IT SERVICES IND LT,       355.50,       355.00,       362.75,       355.00,       361.75,                  3066575.00,8500, ,       475.00,       300.00
N,SM,VINYAS,VINYAS INNOVATIVE TECH L,      1125.00,      1126.00,      1175.00,      1126.00,      1150.10,                  7732590.00,6700, ,      1440.00,       575.80
N,SM,VGINFOTECH,VIRTUAL GALAXY INFOTECH L,       151.85,       152.20,       156.85,       152.20,       155.05,                  2790500.00,18000, ,       208.00,       146.00
N,ST,VISAMAN,VISAMAN GLOBAL SALES LTD,       127.10,       127.25,       130.95,       127.25,       130.30,                  2192200.00,17000, ,       131.00,        34.00
N,SM,VISHNUINFR,VISHNUSURYA PROJ N INFR L,       181.00,       180.00,       180.00,       176.70,       176.70,                   628100.00,3500, ,       288.00,       145.00
N,ST,VIESL,VISION INFRA EQUIP SOL L,       257.00,       257.00,       257.00,       248.05,       251.50,                  2029560.00,8000, ,       307.90,       111.95
N,SM,VITAL,VITAL CHEMTECH LIMITED,        58.80,        56.55,        58.00,        56.55,        56.65,                   341460.00,6000, ,        77.00,        48.10
N,SM,VIVIANA,VIVIANA POWER TECH LTD,       718.85,       730.00,       772.95,       728.00,       764.05,                 18740120.00,24800, ,      1860.00,       598.00
N,ST,VOLERCAR,VOLER CAR LIMITED,       209.00,       209.00,       209.00,       198.55,       208.00,                  5891440.00,28800, ,       255.00,        77.40
N,SM,WINNY,WINNY IMMIGRA & EDU SER L,        75.50,        71.00,        71.00,        71.00,        71.00,                    35500.00,500, ,       346.50,        54.00
N,SM,WINSOL,WINSOL ENGINEERS LIMITED,       158.65,       161.90,       161.90,       161.30,       161.30,                   258340.00,1600, ,       320.00,       151.05
N,SM,WTICAB,WISE TRAVEL INDIA LIMITED,       137.25,       137.25,       137.25,       134.40,       136.80,                   812975.00,6000, ,       204.00,       115.20
N,ST,WOL3D,WOL 3D INDIA LIMITED,       175.00,       172.05,       172.05,       172.05,       172.05,                   172050.00,1000, ,       209.95,        97.00
N,SM,WOMANCART,WOMANCART LIMITED,       274.10,       277.95,       282.75,       268.25,       270.10,                  5020560.00,18400, ,       437.15,       211.15
N,SM,YASHOPTICS,YASH OPTICS & LENS LTD,       122.90,       122.00,       123.50,       118.50,       118.70,                  1060200.00,8800, ,       153.50,        72.60
N,SM,YCCL,YASONS CHEMEX CARE LTD,        13.00,        13.25,        13.25,        13.25,        13.25,                    39750.00,3000, ,        20.25,        11.00
N,SM,YUDIZ,YUDIZ SOLUTIONS LIMITED,        26.90,        27.00,        27.00,        26.90,        26.90,                    86240.00,3200, ,        65.00,        26.30
N,SM,ZTECH,Z-TECH (INDIA) LIMITED,       655.00,       674.00,       674.00,       652.00,       659.65,                 51263235.00,77100, ,       731.15,       460.00
N,SM,ZEAL,ZEAL GLOBAL SERVICES LTD,        93.45,        93.45,        93.45,        93.45,        93.45,                    56070.00,600, ,       184.00,        90.05
N,SM,ZENITHDRUG,ZENITH DRUGS LIMITED,        50.40,        51.00,        52.90,        51.00,        51.10,                   248480.00,4800, ,       107.00,        47.15
